"Nucleus Opal 690 Mean (Normalized Counts, Total Weighting)","Nucleus Opal 650 Mean (Normalized Counts, Total Weighting)","Nucleus Opal 620 Mean (Normalized Counts, Total Weighting)","Nucleus Opal 570 Mean (Normalized Counts, Total Weighting)","Nucleus Opal 540 Mean (Normalized Counts, Total Weighting)","Nucleus Opal 520 Mean (Normalized Counts, Total Weighting)","Entire Cell Opal 690 Mean (Normalized Counts, Total Weighting)","Entire Cell Opal 650 Mean (Normalized Counts, Total Weighting)","Entire Cell Opal 620 Mean (Normalized Counts, Total Weighting)","Entire Cell Opal 570 Mean (Normalized Counts, Total Weighting)","Entire Cell Opal 540 Mean (Normalized Counts, Total Weighting)","Entire Cell Opal 520 Mean (Normalized Counts, Total Weighting)","Cytoplasm Opal 690 Mean (Normalized Counts, Total Weighting)","Cytoplasm Opal 650 Mean (Normalized Counts, Total Weighting)","Cytoplasm Opal 620 Mean (Normalized Counts, Total Weighting)","Cytoplasm Opal 570 Mean (Normalized Counts, Total Weighting)","Cytoplasm Opal 540 Mean (Normalized Counts, Total Weighting)","Cytoplasm Opal 520 Mean (Normalized Counts, Total Weighting)","Membrane Opal 690 Mean (Normalized Counts, Total Weighting)","Membrane Opal 650 Mean (Normalized Counts, Total Weighting)","Membrane Opal 620 Mean (Normalized Counts, Total Weighting)","Membrane Opal 570 Mean (Normalized Counts, Total Weighting)","Membrane Opal 540 Mean (Normalized Counts, Total Weighting)","Membrane Opal 520 Mean (Normalized Counts, Total Weighting)",Tissue Category,Phenotype
2.166,3.356,0.393,1.03,2.372,0.103,2.921,4.749,0.223,1.638,3.826,0.057,3.242,4.896,0.193,1.779,4.482,0.035,3.028,6.122,0.09,2.035,3.928,0.057,tumor,Trip+
3.195,2.858,0.047,1.443,4.505,0.049,1.687,5.334,0.026,1.868,4.408,0.023,1.013,6.104,0.022,1.992,4.297,0.013,2.07,5.536,0.018,1.924,4.601,0.027,tumor,vim only
0.688,1.444,0.014,1.085,3.331,0.024,0.652,1.358,0.004,3.142,7.575,0.004,0.622,1.389,0.003,3.193,7.547,0.002,0.767,1.152,0.0,4.43,10.859,0.0,tumor,K8+ecad
2.719,2.904,0.007,3.58,9.217,0.026,2.42,1.725,0.003,5.04,11.452,0.003,2.417,1.528,0.003,5.401,11.954,0.0,2.179,1.619,0.0,4.645,11.076,0.0,tumor,Trip+
0.424,1.035,0.135,1.712,4.842,0.275,0.579,1.798,0.038,2.843,7.461,0.073,0.594,1.973,0.014,3.094,7.887,0.027,0.683,1.963,0.025,3.12,8.624,0.032,tumor,K8+ecad
0.384,0.468,0.123,0.25,0.906,0.049,0.438,0.465,0.043,0.3,0.613,0.015,0.406,0.447,0.034,0.283,0.563,0.012,0.614,0.545,0.033,0.405,0.656,0.012,tumor,vim only
2.052,4.209,0.061,2.06,5.918,0.017,2.156,4.128,0.045,2.472,5.914,0.012,2.007,4.139,0.045,2.43,5.532,0.011,2.785,4.013,0.03,3.002,7.278,0.008,tumor,Trip+
2.835,0.808,0.059,0.842,2.446,0.137,2.17,0.693,0.038,0.795,1.853,0.062,2.075,0.657,0.038,0.734,1.671,0.053,2.041,0.759,0.02,1.017,2.16,0.039,tumor,vim only
1.483,3.818,0.071,1.359,2.913,0.058,1.317,6.098,0.043,2.198,3.352,0.021,1.198,6.41,0.045,2.282,3.246,0.017,1.466,7.164,0.018,2.663,3.945,0.002,tumor,Trip+
0.769,1.041,0.086,1.814,3.087,0.079,1.258,1.19,0.037,2.049,4.302,0.039,1.272,1.353,0.019,2.272,4.986,0.018,1.811,1.046,0.013,1.887,4.396,0.031,tumor,vim only
3.336,1.113,0.064,0.848,2.95,0.135,2.32,0.992,0.027,2.243,5.314,0.04,1.891,1.011,0.017,2.371,5.49,0.013,2.761,0.874,0.027,2.778,6.318,0.049,tumor,vim only
2.966,8.182,0.015,2.911,6.493,0.003,2.833,8.343,0.01,3.21,6.961,0.002,2.85,8.8,0.012,3.595,7.609,0.001,2.614,7.834,0.0,3.016,6.587,0.001,tumor,Trip+
2.36,3.607,0.097,1.609,4.285,0.124,2.099,5.138,0.034,2.606,6.135,0.029,2.009,5.313,0.022,2.671,6.237,0.01,2.173,5.93,0.021,3.294,7.476,0.006,tumor,Trip+
0.857,16.167,0.04,3.857,6.307,0.036,1.047,6.625,0.01,4.845,9.261,0.01,1.085,5.282,0.003,5.492,10.643,0.004,1.093,2.5,0.005,3.674,7.496,0.007,tumor,Trip+
0.928,1.358,0.019,3.355,7.001,0.009,0.987,1.497,0.014,3.824,7.697,0.007,0.89,1.53,0.015,3.624,7.198,0.007,1.374,1.482,0.009,4.865,9.957,0.004,tumor,K8+ecad
0.669,1.987,0.007,2.639,5.214,0.002,0.852,2.355,0.002,3.091,6.251,0.001,0.844,2.493,0.002,3.056,6.141,0.001,1.072,2.092,0.0,3.71,7.812,0.0,tumor,K8+ecad
0.809,2.08,0.028,1.214,2.689,0.026,1.374,1.598,0.012,3.275,6.493,0.009,1.427,1.531,0.008,3.504,6.851,0.005,1.697,1.418,0.012,4.288,8.645,0.008,tumor,Trip+
5.248,1.286,0.072,1.331,4.478,0.152,2.078,1.25,0.033,1.104,2.517,0.058,0.762,1.135,0.007,0.807,1.625,0.014,2.618,1.498,0.064,1.635,3.037,0.085,tumor,vim only
2.844,2.853,0.005,3.681,7.625,0.001,4.451,1.581,0.001,4.887,11.285,0.0,4.859,1.303,0.001,5.139,11.85,0.0,4.094,1.687,0.0,4.835,11.913,0.0,tumor,vim only
2.927,5.014,0.91,4.252,3.449,0.071,2.953,5.982,0.349,3.845,5.868,0.031,3.1,6.698,0.148,3.722,7.086,0.016,2.641,5.639,0.044,3.568,6.36,0.012,tumor,Trip+
1.815,1.784,0.033,1.145,2.762,0.02,1.036,2.685,0.012,2.066,4.166,0.007,0.93,2.815,0.01,2.113,4.213,0.005,0.85,2.86,0.0,2.659,5.191,0.005,tumor,vim only
1.694,0.749,0.001,1.545,3.468,0.006,0.968,0.618,0.015,0.993,1.748,0.013,0.675,0.651,0.011,0.813,1.285,0.007,0.908,0.407,0.038,0.846,1.062,0.032,stroma,vim only
3.743,3.343,0.075,1.228,2.808,0.267,2.24,4.037,0.043,1.28,2.506,0.141,1.489,4.468,0.022,1.329,2.446,0.083,2.107,3.925,0.048,1.237,2.293,0.121,tumor,vim only
3.778,0.466,0.3,4.409,1.283,0.119,3.042,0.491,0.154,2.287,1.36,0.069,3.045,0.501,0.121,2.054,1.397,0.06,2.474,0.472,0.147,1.393,1.283,0.067,stroma,vim only
1.65,0.719,0.201,5.731,1.749,0.054,2.0,0.604,0.169,3.555,1.343,0.047,1.983,0.584,0.155,2.834,1.185,0.046,2.359,0.553,0.176,3.413,1.376,0.042,stroma,vim only
2.084,0.741,0.087,2.707,1.292,0.035,2.36,2.696,0.042,2.224,2.191,0.021,2.429,3.247,0.029,2.101,2.352,0.017,2.411,2.895,0.038,2.143,2.504,0.021,tumor,vim only
1.226,0.51,0.077,4.66,2.777,0.005,1.069,0.429,0.051,2.692,1.573,0.007,1.023,0.389,0.022,1.684,1.154,0.005,0.955,0.405,0.079,2.209,0.846,0.012,tumor,vim only
2.908,0.77,0.043,1.258,4.11,0.116,1.339,0.47,0.032,0.743,1.553,0.035,0.974,0.385,0.033,0.592,1.026,0.017,1.217,0.49,0.024,0.796,1.152,0.025,stroma,vim only
1.731,2.557,0.078,1.805,3.692,0.045,3.785,1.209,0.076,1.801,3.606,0.052,4.286,0.792,0.091,1.806,3.415,0.055,4.696,0.849,0.036,1.783,4.018,0.05,tumor,vim only
0.367,0.337,0.082,0.34,0.826,0.053,0.373,0.322,0.052,0.34,0.734,0.033,0.352,0.32,0.047,0.338,0.725,0.029,0.474,0.319,0.05,0.347,0.713,0.035,stroma,vim only
2.121,6.03,0.041,1.784,3.109,0.035,1.178,6.292,0.032,2.246,2.897,0.019,1.084,6.459,0.033,2.153,2.701,0.018,0.808,5.836,0.021,2.977,3.514,0.012,tumor,Trip+
0.472,0.332,0.058,0.59,2.442,0.02,0.298,0.263,0.039,0.321,1.003,0.021,0.278,0.266,0.035,0.293,0.842,0.02,0.265,0.197,0.042,0.254,0.715,0.028,stroma,vim only
1.914,7.995,0.075,3.398,4.672,0.018,1.985,8.942,0.031,3.201,5.522,0.01,1.686,9.876,0.002,3.051,5.762,0.002,2.468,8.89,0.013,3.155,6.268,0.008,tumor,Trip+
2.058,10.688,0.069,1.875,3.759,0.132,1.669,8.356,0.023,3.15,5.899,0.03,1.541,8.502,0.014,3.337,6.149,0.015,1.874,5.984,0.023,3.397,6.566,0.01,tumor,Trip+
2.293,1.318,0.0,6.154,12.842,0.0,1.762,2.493,0.001,5.239,10.109,0.0,1.741,2.559,0.001,5.075,9.688,0.0,1.552,2.863,0.001,5.476,10.489,0.002,tumor,Trip+
0.804,1.448,0.048,1.769,3.658,0.009,0.683,1.433,0.018,2.275,4.162,0.003,0.648,1.44,0.015,2.26,4.019,0.002,0.748,1.387,0.004,2.795,5.309,0.003,tumor,K8+ecad
1.793,5.809,0.181,2.342,2.74,0.056,1.977,6.635,0.109,2.362,3.633,0.028,1.957,7.18,0.071,2.152,3.678,0.013,2.311,6.805,0.072,2.832,4.948,0.017,tumor,vim only
3.36,0.813,0.33,2.452,2.025,0.173,2.78,0.665,0.172,1.522,1.479,0.115,2.533,0.616,0.102,1.068,1.213,0.088,2.619,0.602,0.133,1.356,1.381,0.101,tumor,vim only
1.847,8.236,0.024,3.28,5.861,0.006,2.095,7.656,0.007,3.353,6.517,0.006,2.04,7.663,0.005,3.247,6.406,0.006,2.43,7.243,0.001,3.729,7.298,0.004,tumor,Trip+
0.494,1.396,0.065,1.985,3.242,0.015,0.736,2.224,0.02,3.172,6.053,0.003,0.728,2.152,0.015,3.198,6.015,0.001,0.93,3.09,0.008,3.862,8.106,0.003,tumor,K8+ecad
2.148,5.65,0.047,3.483,5.79,0.132,1.899,6.077,0.03,3.122,5.668,0.068,1.821,6.094,0.027,3.145,5.767,0.059,2.08,6.275,0.029,2.793,5.158,0.064,tumor,vim only
1.907,1.051,0.076,1.197,2.038,0.05,3.081,1.052,0.1,3.242,6.957,0.054,3.079,1.062,0.09,3.422,7.472,0.05,3.766,1.015,0.151,3.767,7.924,0.07,tumor,Trip+
0.54,0.406,0.11,0.594,0.651,0.066,1.05,0.423,0.04,0.833,0.575,0.03,1.022,0.42,0.032,0.819,0.576,0.023,1.503,0.444,0.034,1.051,0.522,0.041,stroma,vim only
0.936,1.215,0.101,1.637,2.923,0.039,0.829,1.498,0.057,2.997,5.622,0.013,0.73,1.506,0.052,2.979,5.551,0.009,1.108,1.713,0.037,4.249,8.233,0.004,tumor,K8+ecad
0.623,1.792,0.05,1.251,2.045,0.01,0.711,2.739,0.059,3.191,5.107,0.008,0.624,2.615,0.052,3.396,5.361,0.007,1.105,3.935,0.094,3.925,6.526,0.007,tumor,K8+ecad
3.257,0.69,0.203,2.386,1.181,0.105,2.852,1.669,0.124,1.608,1.362,0.089,2.923,1.778,0.105,1.265,1.278,0.086,2.156,2.542,0.08,1.662,1.826,0.083,tumor,vim only
4.507,2.392,0.242,1.623,4.038,0.282,3.377,4.418,0.101,2.075,4.979,0.158,2.9,4.852,0.053,2.138,5.235,0.117,3.742,4.84,0.118,2.257,5.037,0.172,tumor,vim only
2.079,1.628,0.06,1.527,3.305,0.019,1.362,3.469,0.034,1.889,3.28,0.011,1.212,3.537,0.035,1.837,3.06,0.007,1.434,4.559,0.011,2.364,4.142,0.018,tumor,vim only
1.651,1.086,0.067,2.683,1.205,0.186,1.571,1.442,0.166,3.195,1.137,0.113,1.548,1.596,0.193,3.732,1.138,0.096,1.541,1.445,0.201,2.481,1.066,0.08,tumor,vim only
3.258,2.682,0.208,1.798,3.174,0.125,2.061,2.976,0.062,4.233,8.029,0.025,1.863,2.599,0.031,4.897,9.621,0.004,1.881,4.095,0.056,3.934,6.757,0.021,tumor,Trip+
1.242,0.396,0.099,0.556,0.817,0.06,1.053,0.37,0.06,0.553,0.671,0.047,0.894,0.366,0.055,0.502,0.632,0.043,1.536,0.365,0.048,0.75,0.711,0.052,stroma,vim only
2.248,4.753,0.177,1.519,2.48,0.09,2.49,4.464,0.077,2.457,4.82,0.07,2.354,4.236,0.049,2.582,4.972,0.056,3.101,4.907,0.076,2.864,6.322,0.095,tumor,Trip+
1.969,0.699,0.032,1.213,3.108,0.045,2.433,0.853,0.083,1.234,1.665,0.074,2.578,0.881,0.096,1.212,1.354,0.079,2.347,0.892,0.086,1.323,1.476,0.085,tumor,vim only
3.49,0.812,0.125,1.11,3.179,0.188,2.048,0.457,0.059,0.606,1.122,0.061,1.969,0.424,0.052,0.56,0.897,0.046,1.182,0.308,0.034,0.393,0.435,0.021,stroma,vim only
1.771,0.611,0.22,0.68,1.707,0.26,1.535,0.498,0.108,0.534,1.091,0.119,1.459,0.467,0.084,0.477,0.805,0.084,1.537,0.485,0.075,0.565,1.37,0.091,stroma,vim only
2.111,5.562,0.127,3.34,6.387,0.08,2.169,4.429,0.072,3.364,6.542,0.114,2.2,4.245,0.064,3.415,6.628,0.119,2.081,4.256,0.059,3.157,6.295,0.12,tumor,Trip+
1.219,0.775,0.156,1.914,0.649,0.092,0.667,0.683,0.109,1.657,0.54,0.043,0.609,0.651,0.111,1.775,0.551,0.04,0.482,0.756,0.063,0.907,0.403,0.018,stroma,vim only
1.554,6.851,0.026,3.147,6.017,0.026,1.688,6.372,0.02,3.1,6.12,0.243,1.71,6.075,0.025,2.93,5.707,0.258,1.736,6.918,0.0,3.624,7.589,0.395,tumor,K8+ecad
3.562,4.209,0.05,1.772,3.902,0.073,2.673,4.161,0.062,1.779,3.751,0.089,2.216,3.94,0.055,1.599,3.235,0.067,3.021,4.628,0.088,2.197,4.809,0.153,tumor,vim only
3.911,1.175,0.388,1.877,2.872,0.149,2.752,0.89,0.225,1.383,1.509,0.082,2.503,0.8,0.18,1.248,1.229,0.067,2.605,0.974,0.249,1.442,1.28,0.079,tumor,vim only
2.513,0.541,0.259,1.072,0.986,0.203,1.686,0.456,0.116,0.722,0.7,0.093,1.54,0.427,0.09,0.659,0.646,0.072,1.455,0.48,0.078,0.628,0.631,0.069,stroma,vim only
3.044,0.965,0.016,4.328,5.851,0.049,3.106,2.025,0.028,3.956,5.139,0.039,3.203,2.08,0.033,3.935,4.791,0.029,2.84,2.8,0.024,3.691,5.653,0.06,tumor,vim only
3.922,5.433,0.052,4.062,7.656,0.832,3.896,5.912,0.053,4.442,8.736,0.864,3.942,5.925,0.05,4.596,8.938,0.861,3.72,6.21,0.066,4.179,8.809,0.896,tumor,Trip+
2.366,4.918,0.048,4.383,8.99,0.011,2.469,5.416,0.036,3.757,7.656,0.011,2.594,5.375,0.0,3.496,7.175,0.012,2.349,6.026,0.097,3.547,7.061,0.012,tumor,K8+ecad
0.822,3.873,0.066,2.575,4.277,0.019,1.207,4.424,0.059,3.169,5.729,0.012,1.18,4.772,0.059,3.19,5.783,0.011,1.713,3.329,0.054,3.653,6.906,0.008,tumor,Trip+
1.829,5.895,0.089,1.416,2.252,0.135,1.872,3.843,0.063,1.089,1.483,0.113,1.856,3.532,0.058,0.998,1.256,0.099,1.956,3.698,0.065,1.212,1.824,0.153,tumor,vim only
2.137,3.641,0.208,2.095,4.663,0.032,1.994,5.341,0.113,2.131,4.118,0.036,1.993,5.143,0.106,2.035,3.815,0.035,1.884,7.324,0.066,2.493,4.745,0.043,tumor,vim only
3.69,0.276,0.009,7.397,14.275,0.013,2.978,0.355,0.04,5.853,10.447,0.026,2.973,0.352,0.044,5.847,10.145,0.031,2.537,0.418,0.044,4.872,9.193,0.014,stroma,vim only
2.552,9.569,0.081,2.808,4.868,0.039,1.515,8.911,0.104,3.311,4.417,0.016,1.334,8.96,0.11,3.359,4.391,0.013,1.153,8.053,0.103,3.641,4.058,0.005,tumor,K8+ecad
1.567,4.316,0.089,2.943,5.002,0.01,2.439,5.974,0.071,3.414,6.123,0.022,2.481,6.13,0.066,3.503,6.262,0.019,2.943,6.562,0.081,3.369,6.359,0.047,tumor,Trip+
2.767,5.981,0.101,3.904,5.096,0.309,2.523,4.872,0.038,3.426,6.516,0.199,2.47,4.67,0.024,3.411,6.773,0.188,2.493,4.613,0.031,3.069,6.857,0.141,tumor,vim only
2.047,0.904,0.156,1.839,0.66,0.236,1.639,1.044,0.132,1.445,0.726,0.128,1.223,1.291,0.12,0.973,0.66,0.072,1.778,0.854,0.125,1.676,0.885,0.091,stroma,vim only
1.782,0.86,0.229,1.256,0.976,0.143,1.593,1.941,0.13,1.263,1.992,0.123,1.463,2.201,0.104,1.226,1.952,0.117,1.912,1.917,0.136,1.404,3.019,0.129,tumor,vim only
2.027,0.675,0.048,0.893,1.948,0.103,1.641,0.56,0.052,0.824,2.176,0.161,1.592,0.547,0.051,0.811,2.106,0.166,1.528,0.52,0.059,0.824,2.723,0.19,stroma,vim only
0.551,0.845,0.025,4.187,9.114,0.056,0.569,0.839,0.015,3.917,8.248,0.016,0.579,0.83,0.016,3.878,8.103,0.007,0.555,0.861,0.006,3.799,7.93,0.009,tumor,K8+ecad
1.041,8.433,0.034,3.261,4.515,0.255,0.801,10.485,0.032,3.33,5.756,0.289,0.665,10.818,0.035,3.457,6.096,0.28,1.046,10.899,0.024,2.995,5.588,0.338,tumor,K8+ecad
5.687,0.982,0.415,0.973,3.863,0.144,4.409,1.329,0.297,0.99,3.035,0.126,3.575,1.388,0.245,0.911,2.656,0.105,4.105,1.563,0.248,1.075,2.693,0.131,tumor,vim only
2.558,0.677,0.368,2.421,1.422,0.089,2.278,0.656,0.437,1.809,1.629,0.121,2.072,0.633,0.531,1.485,1.644,0.145,2.26,0.674,0.344,1.482,1.954,0.12,tumor,vim only
0.883,0.364,0.135,0.532,0.87,0.107,1.584,0.37,0.089,0.654,0.83,0.061,1.646,0.375,0.074,0.599,0.78,0.04,2.092,0.363,0.082,0.888,0.905,0.066,stroma,vim only
0.419,0.359,0.244,0.156,0.856,0.113,0.307,0.267,0.089,0.3,0.573,0.033,0.297,0.251,0.068,0.327,0.527,0.022,0.261,0.262,0.055,0.304,0.543,0.013,stroma,vim only
4.912,3.836,0.062,4.3,7.625,0.039,3.842,3.685,0.047,4.403,6.8,0.025,3.673,3.443,0.031,4.493,6.668,0.018,3.157,4.253,0.081,4.244,6.28,0.029,tumor,vim only
4.386,2.796,0.379,1.658,2.936,0.169,3.396,4.084,0.156,2.206,3.851,0.067,2.892,4.343,0.047,2.406,4.167,0.016,3.556,4.731,0.183,2.289,4.026,0.081,tumor,vim only
3.575,5.05,0.132,2.208,4.845,0.098,2.283,5.079,0.09,2.739,5.421,0.065,1.953,5.068,0.099,2.773,5.215,0.074,1.643,5.128,0.036,3.18,6.326,0.02,tumor,vim only
1.399,1.526,0.262,4.584,1.792,0.05,1.223,2.619,0.161,2.697,1.622,0.033,1.105,2.55,0.141,2.453,1.484,0.031,1.465,3.67,0.146,2.04,1.932,0.026,tumor,K8+ecad
0.813,0.467,0.149,0.845,2.261,0.195,0.743,0.284,0.072,0.419,0.891,0.056,0.774,0.274,0.066,0.388,0.792,0.044,0.552,0.218,0.05,0.295,0.5,0.025,stroma,vim only
1.28,0.494,0.164,0.881,1.079,0.069,1.721,0.482,0.088,0.783,0.749,0.055,1.706,0.462,0.08,0.82,0.7,0.052,2.058,0.538,0.066,0.593,0.698,0.056,stroma,vim only
0.187,0.253,0.069,0.416,0.498,0.043,0.205,0.213,0.04,0.411,0.689,0.023,0.205,0.208,0.037,0.419,0.655,0.02,0.216,0.216,0.036,0.369,0.944,0.028,stroma,Ecad only
1.15,0.417,0.066,0.403,0.685,0.093,1.534,0.488,0.063,0.672,1.312,0.062,1.5,0.505,0.057,0.67,1.246,0.053,2.013,0.491,0.081,0.928,2.133,0.065,stroma,vim only
2.733,6.799,0.025,3.412,7.608,0.239,2.538,5.929,0.028,3.55,9.114,0.349,2.365,5.503,0.031,3.703,9.899,0.365,2.853,6.215,0.023,3.226,8.468,0.439,tumor,Trip+
3.93,2.722,0.397,1.986,4.539,0.158,2.737,5.369,0.197,3.149,6.155,0.076,1.962,6.684,0.097,3.834,7.276,0.025,2.758,5.972,0.151,3.241,6.012,0.074,tumor,Trip+
1.639,0.96,0.087,0.89,2.512,0.071,1.147,0.672,0.067,0.679,1.796,0.044,0.752,0.532,0.072,0.477,1.272,0.036,1.533,0.697,0.036,0.915,2.246,0.034,stroma,vim only
1.427,0.544,0.142,0.408,1.232,0.182,0.949,0.547,0.064,0.397,0.968,0.071,0.885,0.51,0.05,0.375,0.985,0.053,0.868,0.681,0.06,0.468,0.735,0.062,stroma,vim only
2.68,1.144,0.399,1.101,2.579,0.2,3.088,0.918,0.34,1.264,1.855,0.13,3.318,0.774,0.354,1.288,1.527,0.094,3.252,0.86,0.219,1.469,1.399,0.094,tumor,vim only
1.15,1.897,0.429,1.466,1.846,0.009,1.651,3.348,0.335,6.677,11.872,0.006,1.743,3.818,0.385,8.274,15.207,0.007,1.914,3.684,0.144,8.076,14.013,0.0,tumor,K8+ecad
3.749,0.573,0.402,1.351,2.979,0.082,2.912,0.623,0.242,1.883,2.08,0.056,3.011,0.589,0.213,1.979,1.803,0.06,1.719,0.741,0.092,2.374,1.442,0.018,stroma,vim only
4.437,0.576,0.519,1.086,4.257,0.144,1.837,0.57,0.247,1.173,2.162,0.059,0.94,0.567,0.158,1.154,1.526,0.028,1.567,0.571,0.207,1.3,1.728,0.056,stroma,vim only
2.749,3.854,0.326,2.898,2.946,0.058,3.981,4.415,0.145,3.343,5.411,0.038,4.347,4.767,0.087,3.542,6.118,0.035,4.601,4.164,0.064,3.371,6.723,0.02,tumor,vim only
3.375,5.861,0.436,3.632,4.193,0.269,3.326,6.213,0.188,3.382,4.944,0.318,3.293,6.353,0.092,3.402,4.967,0.291,3.348,6.318,0.108,3.006,5.861,0.448,tumor,vim only
0.328,0.304,0.144,0.39,0.655,0.058,0.258,0.313,0.139,0.352,0.585,0.058,0.221,0.337,0.15,0.34,0.538,0.062,0.246,0.232,0.08,0.312,0.616,0.043,stroma,Ecad only
3.827,0.393,0.092,0.531,1.982,0.074,2.382,0.461,0.049,0.561,1.64,0.04,1.348,0.431,0.028,0.61,1.463,0.016,1.891,0.636,0.016,0.517,1.394,0.028,tumor,vim only
8.145,1.093,0.145,0.9,3.514,0.298,5.86,1.043,0.104,0.944,3.164,0.194,4.737,0.947,0.081,0.935,2.753,0.128,2.854,1.035,0.052,1.026,2.897,0.069,tumor,
3.954,0.971,0.024,2.166,7.703,0.032,2.095,0.729,0.008,3.211,9.946,0.012,1.895,0.695,0.005,3.052,9.612,0.01,1.234,0.64,0.001,4.607,12.916,0.001,tumor,vim only
4.968,0.12,0.0,8.192,20.853,0.0,2.36,0.217,0.0,8.118,18.447,0.0,1.969,0.208,0.001,8.539,19.051,0.0,1.361,0.326,0.0,6.804,14.647,0.0,tumor,vim only
3.614,0.945,0.141,1.595,3.546,0.091,2.581,0.708,0.037,1.282,2.686,0.051,2.604,0.704,0.027,1.302,2.633,0.051,1.911,0.601,0.03,1.018,2.47,0.03,stroma,vim only
5.595,0.835,0.021,1.117,4.143,0.153,2.705,1.464,0.009,2.473,6.054,0.046,2.047,1.494,0.006,2.662,6.167,0.016,2.853,1.775,0.012,2.762,6.929,0.069,tumor,vim only
7.02,0.993,0.054,1.102,3.86,0.227,2.869,0.681,0.036,0.885,2.519,0.088,2.086,0.606,0.035,0.72,1.997,0.056,2.528,0.693,0.03,1.163,3.046,0.092,tumor,vim only
5.635,0.878,0.012,1.065,4.981,0.121,2.067,0.745,0.013,2.205,5.407,0.04,1.349,0.726,0.013,2.269,5.196,0.019,2.497,0.741,0.011,2.541,6.202,0.061,tumor,vim only
0.806,4.476,0.067,1.303,2.2,0.162,1.205,5.142,0.026,1.64,3.138,0.052,1.162,5.314,0.024,1.652,3.2,0.046,1.608,4.814,0.011,1.778,3.413,0.011,tumor,Trip+
1.286,4.764,0.088,1.213,2.06,0.023,1.095,5.67,0.052,1.485,2.33,0.014,1.096,5.606,0.041,1.531,2.399,0.011,0.952,6.557,0.073,1.498,2.251,0.017,tumor,Trip+
0.554,0.858,0.033,0.968,2.769,0.024,1.581,0.905,0.028,0.887,2.161,0.031,1.472,0.902,0.029,0.843,2.042,0.03,2.633,0.946,0.021,0.991,2.203,0.041,tumor,vim only
2.778,2.742,0.07,0.905,2.6,0.046,0.793,2.288,0.026,1.438,3.477,0.009,0.525,2.237,0.022,1.384,3.348,0.004,0.449,2.161,0.013,2.152,4.843,0.004,tumor,vim only
0.739,0.626,0.0,1.922,4.009,0.004,1.002,0.621,0.004,1.957,4.17,0.006,1.024,0.586,0.006,2.142,4.478,0.007,1.156,0.708,0.002,1.499,3.491,0.008,tumor,vim only
3.102,1.324,0.17,1.405,1.985,0.155,3.16,2.126,0.071,1.997,3.182,0.054,3.212,2.266,0.052,2.094,3.26,0.037,3.045,2.354,0.046,2.186,3.935,0.023,tumor,vim only
3.983,1.104,0.052,1.856,4.662,0.131,1.855,1.036,0.01,3.433,9.068,0.027,1.415,1.024,0.001,3.686,9.84,0.001,1.7,1.028,0.009,3.751,9.774,0.032,tumor,vim only
3.356,1.431,0.064,1.025,2.955,0.123,2.586,2.185,0.021,1.683,4.303,0.041,2.27,2.434,0.014,1.737,4.242,0.023,2.985,1.982,0.01,2.018,5.523,0.035,tumor,vim only
7.075,0.975,0.022,2.048,7.273,0.136,3.753,0.84,0.006,4.191,10.479,0.055,1.931,0.654,0.0,5.32,12.506,0.001,3.852,1.052,0.0,4.213,9.877,0.077,tumor,vim only
4.778,0.802,0.006,1.355,5.219,0.049,2.168,0.656,0.01,0.93,2.544,0.031,1.456,0.632,0.01,0.723,1.709,0.027,2.438,0.627,0.013,1.229,3.119,0.029,stroma,vim only
5.691,1.231,0.076,1.197,3.796,0.183,2.068,1.196,0.041,1.691,3.93,0.046,1.275,1.067,0.029,1.436,3.315,0.017,2.519,1.566,0.059,2.719,5.85,0.061,tumor,vim only
1.835,0.989,0.04,1.397,3.764,0.061,1.589,0.887,0.017,2.613,6.693,0.013,1.654,0.867,0.013,2.51,6.551,0.009,1.146,0.923,0.023,3.765,8.964,0.004,tumor,vim only
1.349,1.74,0.018,1.224,2.29,0.019,1.868,2.258,0.011,2.259,4.514,0.021,1.865,2.392,0.011,2.201,4.3,0.021,2.183,1.927,0.006,3.143,6.842,0.023,tumor,vim only
4.228,3.539,0.045,1.772,3.118,0.261,2.176,5.435,0.012,1.475,3.339,0.327,1.941,5.503,0.011,1.496,3.504,0.344,2.225,5.818,0.006,1.326,2.935,0.295,tumor,vim only
5.751,0.535,0.135,3.036,1.954,0.199,2.423,0.375,0.052,0.939,1.194,0.069,1.915,0.329,0.038,0.518,1.062,0.044,2.135,0.425,0.05,1.055,1.174,0.074,stroma,vim only
4.925,0.552,0.539,2.973,1.704,0.276,3.348,0.411,0.243,1.592,1.157,0.156,2.525,0.329,0.164,0.692,0.894,0.101,3.029,0.396,0.066,1.587,1.012,0.118,stroma,vim only
6.499,0.744,0.053,2.233,1.925,0.252,2.884,0.499,0.029,0.998,1.217,0.085,2.319,0.484,0.02,0.742,1.113,0.055,3.612,0.487,0.045,1.409,1.344,0.129,stroma,vim only
8.115,1.056,0.051,2.588,6.565,0.194,3.023,1.536,0.006,4.993,10.8,0.02,2.646,1.465,0.002,5.193,11.258,0.003,1.854,2.14,0.0,5.44,11.099,0.0,tumor,vim only
4.223,0.795,0.194,5.533,1.945,0.218,2.106,0.465,0.092,1.727,1.184,0.069,1.819,0.411,0.079,1.101,1.04,0.047,1.335,0.383,0.052,0.764,1.063,0.023,stroma,vim only
4.346,1.039,0.0,2.982,9.512,0.038,1.849,1.933,0.005,4.045,8.92,0.015,1.23,2.088,0.003,4.58,9.459,0.0,2.206,1.978,0.013,3.192,7.228,0.042,tumor,vim only
3.656,1.687,0.056,2.395,4.013,0.053,2.119,2.463,0.023,3.45,6.846,0.014,1.961,2.267,0.014,3.539,7.255,0.008,1.607,4.07,0.041,3.893,7.213,0.011,tumor,Trip+
3.753,2.964,0.2,1.64,1.776,0.257,3.198,2.138,0.074,1.243,2.014,0.15,3.068,1.727,0.048,1.052,1.865,0.126,3.143,2.822,0.045,1.548,2.761,0.137,tumor,vim only
5.332,1.111,0.74,6.385,1.756,0.296,2.893,1.797,0.196,2.24,1.316,0.129,2.679,1.669,0.137,1.805,1.185,0.118,2.051,2.816,0.059,1.106,1.551,0.057,tumor,vim only
5.357,0.937,0.032,1.897,5.758,0.11,2.627,1.51,0.013,5.369,11.977,0.028,2.201,1.505,0.008,6.277,13.8,0.005,2.665,1.777,0.021,4.237,9.373,0.057,tumor,vim only
4.943,0.907,0.186,5.852,1.543,0.3,2.112,0.467,0.103,1.823,1.439,0.106,1.459,0.377,0.101,0.94,1.41,0.064,2.358,0.469,0.059,2.035,1.467,0.112,stroma,vim only
5.631,0.915,0.28,5.527,1.461,0.332,2.402,0.488,0.108,1.625,0.891,0.099,1.849,0.413,0.094,0.842,0.789,0.056,2.527,0.511,0.071,2.111,0.927,0.117,stroma,vim only
5.632,0.639,0.306,3.065,1.684,0.202,3.383,1.237,0.104,1.797,2.187,0.162,3.264,1.177,0.092,1.675,2.16,0.156,2.606,1.867,0.042,1.614,2.611,0.169,tumor,vim only
2.049,0.936,0.054,0.988,1.624,0.063,1.776,1.792,0.041,0.814,1.248,0.046,1.801,1.943,0.044,0.752,1.102,0.046,1.48,2.015,0.024,0.865,1.391,0.034,tumor,vim only
5.788,3.911,0.095,1.778,6.565,0.397,3.242,2.618,0.05,1.231,3.375,0.522,2.591,2.785,0.04,0.991,2.494,0.534,3.801,1.809,0.059,1.57,4.219,0.539,tumor,vim only
2.706,1.189,0.1,1.422,2.69,0.077,2.842,1.219,0.066,1.871,3.835,0.051,2.99,1.176,0.066,1.914,3.93,0.052,2.299,1.416,0.046,1.934,4.058,0.033,tumor,vim only
3.616,2.267,0.081,1.267,3.737,0.093,1.375,1.391,0.05,1.31,2.745,0.032,1.134,1.266,0.044,1.346,2.738,0.026,0.948,1.342,0.054,1.204,2.182,0.021,tumor,vim only
3.848,0.592,0.14,1.791,0.905,0.183,1.614,0.367,0.082,0.943,0.712,0.07,0.919,0.311,0.057,0.589,0.615,0.042,2.334,0.402,0.119,1.467,0.876,0.086,stroma,vim only
1.975,8.945,0.148,2.335,2.619,0.084,2.03,8.363,0.068,3.344,5.472,0.046,2.07,8.191,0.053,3.697,6.492,0.034,1.982,8.288,0.037,3.34,5.404,0.044,tumor,Trip+
3.064,6.011,0.042,2.414,4.505,0.013,1.781,6.602,0.037,1.754,2.842,0.02,1.697,6.895,0.035,1.702,2.792,0.018,1.283,5.747,0.044,1.537,1.95,0.037,tumor,vim only
1.511,2.997,0.065,2.172,3.298,0.027,2.277,3.933,0.05,2.081,3.18,0.011,2.208,4.052,0.051,1.935,2.706,0.01,3.046,4.125,0.036,2.56,4.853,0.007,tumor,vim only
0.446,0.4,0.259,0.235,0.827,0.149,0.664,0.326,0.101,0.362,0.482,0.048,0.616,0.311,0.079,0.351,0.438,0.035,0.946,0.329,0.071,0.471,0.409,0.026,stroma,vim only
6.299,1.485,0.162,2.723,6.018,0.51,5.31,3.409,0.272,2.775,7.246,0.66,5.204,3.403,0.287,2.806,7.604,0.71,5.013,4.225,0.299,2.763,7.374,0.674,tumor,Trip+
3.784,0.584,0.278,0.684,3.323,0.099,1.165,0.325,0.063,0.614,0.957,0.025,0.623,0.265,0.028,0.589,0.443,0.006,1.387,0.361,0.062,0.642,1.211,0.038,stroma,vim only
1.573,6.707,0.159,3.105,4.515,0.088,1.722,7.031,0.043,4.768,9.032,0.021,1.707,6.927,0.026,5.254,10.411,0.01,1.856,7.537,0.026,4.273,7.513,0.017,tumor,K8+ecad
1.294,5.99,0.117,2.001,3.617,0.067,2.086,4.96,0.085,2.253,5.094,0.049,2.947,4.22,0.047,2.682,6.988,0.029,2.691,2.91,0.066,1.924,5.259,0.039,tumor,Trip+
2.844,0.617,0.1,1.476,2.584,0.042,1.229,0.428,0.047,0.774,1.829,0.02,0.642,0.343,0.027,0.511,1.512,0.011,0.46,0.396,0.029,0.468,1.627,0.013,stroma,vim only
1.899,3.31,0.0,3.524,8.638,0.001,2.2,3.69,0.003,3.299,7.92,0.006,2.362,3.778,0.003,3.203,7.671,0.007,2.273,4.162,0.008,3.162,7.294,0.013,tumor,Trip+
2.265,5.602,0.224,1.749,4.152,0.065,2.302,5.963,0.139,2.302,5.479,0.039,1.689,5.374,0.023,3.585,8.409,0.006,3.012,7.485,0.034,2.448,5.972,0.006,tumor,Trip+
3.053,4.864,0.19,2.11,4.481,0.047,2.512,4.906,0.101,1.946,4.29,0.027,2.153,5.029,0.043,1.683,3.773,0.014,2.038,4.629,0.022,2.303,5.392,0.008,tumor,Trip+
2.497,5.59,0.073,2.168,4.785,0.037,2.516,4.867,0.046,2.081,4.956,0.023,2.629,3.796,0.009,1.897,5.161,0.008,2.34,4.503,0.026,2.16,5.145,0.002,tumor,Trip+
3.403,5.639,0.287,2.672,9.227,0.024,3.534,5.385,0.189,3.042,9.634,0.016,2.612,4.239,0.077,1.915,5.317,0.0,3.938,5.052,0.009,3.956,11.11,0.001,tumor,
2.312,3.27,0.046,2.537,6.487,0.01,2.258,2.99,0.033,2.476,6.75,0.005,2.29,2.507,0.02,2.469,7.014,0.002,1.927,3.927,0.039,2.273,6.643,0.003,tumor,Trip+
1.127,5.449,0.435,2.013,2.566,0.109,1.464,6.501,0.258,2.346,3.733,0.056,1.656,7.182,0.119,2.669,4.582,0.018,1.847,7.555,0.122,2.494,4.738,0.011,tumor,Trip+
3.364,2.706,0.28,0.828,2.792,0.159,2.66,3.624,0.219,1.304,4.258,0.111,1.54,4.587,0.1,2.28,7.67,0.016,1.631,5.777,0.166,1.64,4.622,0.072,tumor,Trip+
2.607,4.31,0.457,3.639,4.93,0.059,2.297,5.441,0.285,3.185,6.302,0.041,2.199,6.236,0.146,2.958,7.501,0.02,1.631,6.535,0.169,2.47,6.921,0.046,tumor,Trip+
2.504,4.563,0.149,2.326,3.927,0.072,2.486,5.529,0.071,2.961,6.197,0.03,2.518,6.082,0.023,3.399,7.692,0.004,2.296,6.208,0.031,3.094,6.985,0.011,tumor,Trip+
1.763,7.013,0.986,3.046,4.403,0.095,2.09,7.848,0.528,2.703,4.689,0.053,2.497,8.593,0.108,2.384,5.202,0.012,2.062,8.769,0.059,2.372,4.133,0.015,tumor,Snail+
3.851,3.218,0.382,2.766,2.534,0.203,3.659,4.096,0.227,2.358,3.268,0.148,3.62,4.915,0.056,1.843,4.016,0.093,2.947,5.633,0.026,2.005,4.387,0.064,tumor,vim only
0.791,1.452,0.166,3.374,14.238,0.187,0.921,2.42,0.138,3.381,13.527,0.163,0.893,2.783,0.13,3.537,13.761,0.163,1.294,3.307,0.103,2.879,11.22,0.111,tumor,K8+ecad
3.141,4.14,0.039,1.76,5.548,0.146,3.258,3.098,0.025,2.179,8.258,0.13,3.549,2.51,0.02,2.33,9.364,0.117,2.515,3.14,0.014,2.442,9.531,0.144,tumor,vim only
7.173,1.099,0.083,0.644,3.934,0.275,3.435,0.735,0.033,1.686,5.236,0.097,2.581,0.639,0.018,1.944,5.66,0.047,1.488,0.585,0.017,2.169,5.529,0.032,tumor,vim only
3.203,6.195,0.162,1.258,2.287,0.139,3.13,4.683,0.09,1.376,2.828,0.077,3.2,3.841,0.047,1.479,3.271,0.037,2.605,3.243,0.029,1.339,2.756,0.037,tumor,Trip+
1.534,8.607,0.487,2.596,3.615,0.088,1.939,7.933,0.249,2.667,5.406,0.045,2.202,7.13,0.033,2.673,6.987,0.007,2.487,7.777,0.055,2.844,6.957,0.009,tumor,Trip+
2.558,3.412,0.076,2.136,5.812,0.048,2.479,3.292,0.046,2.452,6.999,0.019,2.44,3.307,0.031,2.613,7.545,0.004,2.446,3.002,0.034,2.571,7.644,0.007,tumor,Trip+
3.905,2.552,0.102,2.038,4.122,0.051,3.44,3.404,0.075,1.947,3.927,0.037,3.021,3.505,0.058,1.753,3.71,0.019,2.913,5.789,0.034,2.083,3.795,0.032,tumor,Trip+
4.701,1.19,0.084,1.335,3.165,0.165,3.159,0.868,0.047,1.586,2.297,0.083,2.934,0.794,0.042,1.563,1.821,0.066,1.93,0.726,0.017,2.044,3.126,0.034,tumor,vim only
0.897,5.703,0.144,1.808,2.034,0.046,0.97,5.165,0.113,1.702,2.072,0.032,0.769,4.476,0.101,1.441,1.72,0.025,1.452,5.713,0.092,2.048,2.79,0.025,tumor,Trip+
0.695,14.555,0.111,2.401,4.608,0.125,0.759,7.441,0.04,2.944,6.443,0.036,0.748,5.326,0.021,3.043,6.696,0.012,0.892,5.768,0.017,3.322,8.048,0.007,tumor,Trip+
0.445,0.437,0.064,0.447,1.98,0.066,0.536,0.536,0.05,0.608,2.116,0.053,0.55,0.579,0.047,0.643,2.103,0.05,0.693,0.555,0.031,0.824,2.522,0.034,stroma,Ecad only
0.844,7.821,0.24,1.69,2.209,0.084,1.109,7.267,0.194,1.78,2.981,0.061,1.661,6.516,0.122,1.997,4.7,0.022,1.228,6.416,0.138,1.776,3.144,0.037,tumor,Ecad only
2.433,4.504,0.231,1.415,4.624,0.093,2.312,5.683,0.205,1.437,4.629,0.079,2.109,8.546,0.1,1.661,5.727,0.033,2.16,6.727,0.205,1.369,4.067,0.072,tumor,Trip+
4.05,4.453,0.097,2.218,4.094,0.164,3.373,5.135,0.061,2.028,4.249,0.109,2.731,5.701,0.026,1.861,4.402,0.065,3.034,5.653,0.047,1.907,4.314,0.067,tumor,Trip+
0.573,0.99,0.065,0.65,1.868,0.043,0.72,1.439,0.023,1.151,2.735,0.017,0.754,1.649,0.009,1.226,2.81,0.007,0.854,1.436,0.005,1.769,4.02,0.011,tumor,vim only
2.091,5.839,0.075,2.383,4.982,0.024,2.26,6.136,0.056,2.297,5.196,0.018,2.559,6.11,0.016,2.267,6.176,0.008,2.5,7.55,0.041,1.953,4.424,0.013,tumor,Trip+
1.018,6.663,0.133,2.429,3.936,0.052,1.548,5.325,0.066,3.543,6.973,0.026,1.958,3.951,0.013,4.574,9.629,0.007,1.856,5.773,0.031,3.579,7.624,0.006,tumor,Trip+
0.327,0.689,0.037,0.615,1.241,0.012,0.496,0.501,0.015,1.519,3.282,0.004,0.513,0.41,0.007,1.842,3.979,0.001,0.731,0.495,0.007,1.963,4.388,0.0,tumor,vim only
4.217,0.902,0.083,3.369,3.047,0.129,3.38,0.774,0.033,2.216,4.851,0.059,3.379,0.733,0.018,1.784,5.449,0.039,2.313,0.726,0.008,1.939,5.506,0.024,tumor,vim only
1.051,0.441,0.018,0.744,1.818,0.021,1.484,0.52,0.017,0.557,1.262,0.016,1.606,0.466,0.018,0.518,1.147,0.016,1.286,0.848,0.008,0.578,1.321,0.01,tumor,vim only
5.268,1.381,0.059,0.903,3.808,0.216,3.755,2.55,0.038,1.973,5.188,0.09,3.391,2.942,0.031,2.19,5.515,0.049,2.641,2.993,0.032,2.914,6.223,0.037,tumor,vim only
2.626,2.223,0.037,2.369,6.221,0.138,2.33,2.635,0.027,2.488,7.065,0.125,2.285,2.747,0.019,2.525,7.448,0.11,1.768,3.153,0.036,2.612,7.304,0.166,tumor,Trip+
2.886,3.935,0.156,2.314,7.812,0.074,2.405,4.95,0.089,2.52,7.35,0.031,2.212,5.714,0.068,2.663,7.215,0.015,2.249,3.965,0.044,2.365,7.014,0.014,tumor,Trip+
1.654,6.587,0.01,3.186,7.505,0.052,2.078,3.553,0.005,4.574,11.134,0.021,2.152,2.943,0.003,4.698,11.546,0.013,2.261,2.675,0.004,5.781,13.83,0.022,tumor,Trip+
1.198,4.249,0.142,1.829,2.649,0.052,1.703,3.482,0.088,2.226,4.345,0.031,2.195,2.569,0.044,2.587,5.728,0.013,1.979,3.699,0.025,2.541,6.284,0.011,tumor,Trip+
1.761,3.761,0.093,2.496,4.811,0.03,2.144,3.401,0.047,2.843,6.409,0.012,2.382,3.08,0.026,3.115,7.5,0.003,2.019,3.999,0.026,2.457,5.394,0.006,tumor,Trip+
0.532,0.795,0.023,1.208,2.534,0.014,1.136,0.958,0.008,2.236,6.028,0.004,1.257,1.036,0.007,2.314,6.344,0.003,1.192,0.745,0.0,2.993,8.33,0.001,tumor,Trip+
3.443,4.855,0.078,2.371,6.26,0.094,2.871,5.239,0.026,2.982,7.314,0.027,2.894,4.994,0.01,3.226,7.775,0.004,1.73,7.027,0.005,3.009,7.179,0.006,tumor,Trip+
2.584,4.408,0.214,2.437,4.883,0.054,2.564,4.582,0.156,2.564,5.474,0.036,2.627,4.449,0.113,2.642,5.771,0.022,2.245,5.771,0.099,2.763,6.65,0.022,tumor,Trip+
1.662,3.768,0.152,2.02,4.134,0.938,1.759,3.512,0.084,2.365,7.86,0.839,1.903,3.224,0.051,2.451,9.604,0.842,1.254,4.322,0.057,2.99,9.987,0.499,tumor,k14
1.381,3.515,0.096,2.306,3.936,0.022,2.0,3.112,0.058,2.443,5.713,0.013,2.438,2.802,0.033,2.524,6.894,0.007,2.272,3.038,0.029,2.574,6.825,0.01,tumor,Trip+
1.717,5.842,0.241,2.474,2.607,0.099,1.834,5.256,0.122,2.568,3.176,0.048,1.971,4.138,0.033,2.634,3.518,0.009,1.744,7.328,0.029,2.659,3.968,0.01,tumor,Trip+
3.05,1.72,0.048,1.343,3.13,0.06,2.437,1.561,0.02,3.818,8.574,0.02,2.32,1.447,0.011,4.723,10.506,0.006,1.906,1.707,0.005,4.465,10.203,0.012,tumor,Trip+
2.171,2.592,0.282,1.379,4.077,0.094,1.422,1.964,0.186,1.064,3.357,0.055,0.612,1.017,0.12,0.796,2.666,0.029,1.751,2.755,0.157,1.061,3.509,0.041,tumor,vim only
3.039,0.79,0.053,3.043,3.595,0.06,2.076,0.635,0.041,1.868,3.222,0.037,1.381,0.562,0.028,1.38,2.896,0.022,2.463,0.592,0.059,1.368,3.521,0.041,tumor,vim only
1.175,5.73,0.285,2.498,3.349,0.077,1.404,4.829,0.175,2.312,3.829,0.048,1.501,4.05,0.068,2.032,4.106,0.02,1.958,3.806,0.088,2.455,4.78,0.027,tumor,Trip+
3.23,0.738,0.029,1.543,5.278,0.1,2.77,0.669,0.038,1.444,4.101,0.06,2.466,0.634,0.037,1.433,3.73,0.049,3.196,0.693,0.055,1.33,3.651,0.04,tumor,vim only
2.853,3.799,0.033,2.218,4.213,0.03,2.493,2.609,0.021,2.197,4.781,0.017,2.376,2.241,0.014,2.175,4.963,0.011,2.36,2.087,0.032,2.278,4.993,0.021,tumor,Trip+
2.559,4.178,0.218,1.655,5.304,0.134,1.985,4.037,0.144,2.363,7.75,0.076,1.222,3.676,0.031,3.574,11.761,0.005,1.572,4.16,0.109,2.524,8.529,0.027,tumor,Trip+
2.741,5.962,0.23,1.622,4.733,0.109,2.012,4.786,0.125,2.346,7.441,0.062,1.536,4.792,0.098,2.501,7.962,0.042,2.35,3.526,0.079,2.752,9.09,0.057,tumor,Trip+
2.28,1.406,0.02,2.331,5.79,0.02,2.282,1.792,0.012,3.511,8.149,0.015,2.231,1.918,0.011,3.522,8.095,0.016,2.527,1.607,0.009,4.735,10.967,0.007,tumor,Trip+
1.403,9.167,0.242,2.834,4.785,0.038,1.674,9.096,0.156,2.849,5.79,0.023,1.91,9.072,0.059,2.772,6.738,0.008,2.186,8.846,0.038,3.071,7.58,0.002,tumor,Trip+
2.418,6.475,0.081,2.168,3.761,0.037,2.817,6.7,0.046,2.222,4.344,0.023,3.037,7.22,0.027,2.201,4.413,0.021,2.913,6.009,0.035,2.333,4.959,0.009,tumor,Trip+
1.68,6.071,0.176,2.021,3.312,0.056,1.788,6.06,0.118,2.14,3.805,0.037,2.051,6.1,0.016,2.408,4.983,0.006,1.797,5.92,0.028,2.192,3.9,0.009,tumor,Trip+
1.978,7.086,0.037,2.135,4.185,0.026,1.803,6.192,0.021,2.714,5.574,0.019,1.774,5.381,0.014,3.031,6.273,0.016,1.534,6.909,0.011,2.95,6.318,0.011,tumor,Trip+
2.276,3.937,0.068,1.958,5.328,0.023,2.484,3.189,0.036,2.199,6.587,0.011,2.551,2.764,0.02,2.267,7.07,0.004,2.695,3.145,0.026,2.48,7.569,0.009,tumor,Trip+
3.994,0.612,0.044,0.82,3.658,0.093,1.624,0.405,0.028,0.534,1.666,0.028,1.112,0.354,0.024,0.489,1.264,0.013,0.728,0.355,0.024,0.344,0.778,0.006,stroma,vim only
2.037,0.565,0.078,0.335,1.353,0.123,0.859,0.343,0.039,0.38,1.014,0.035,0.561,0.279,0.03,0.401,0.953,0.012,0.418,0.292,0.021,0.349,0.774,0.005,stroma,vim only
1.049,1.015,0.089,1.153,2.555,0.053,0.641,0.954,0.035,1.774,3.104,0.017,0.458,0.906,0.017,1.856,2.823,0.006,0.632,1.012,0.015,2.377,4.696,0.003,tumor,vim only
4.78,0.935,0.04,1.31,4.411,0.165,2.199,0.726,0.018,4.847,10.511,0.041,1.484,0.664,0.014,5.722,11.978,0.006,1.483,0.683,0.001,6.226,13.057,0.009,tumor,vim only
0.465,1.438,0.138,0.875,1.995,0.07,0.528,2.595,0.043,1.226,2.552,0.02,0.547,2.737,0.019,1.318,2.683,0.007,0.535,3.508,0.015,1.312,2.75,0.007,tumor,K8+ecad
0.937,4.553,0.131,1.75,2.217,0.059,1.427,4.003,0.082,1.887,3.395,0.035,1.837,3.225,0.036,2.026,4.439,0.011,2.159,4.21,0.028,2.009,4.964,0.011,tumor,Trip+
1.576,5.272,0.0,6.235,14.041,0.0,1.306,7.108,0.007,5.102,11.213,0.003,1.216,7.596,0.008,4.799,10.559,0.004,1.169,8.51,0.018,4.241,8.679,0.006,tumor,K8+ecad
1.802,2.252,0.172,2.066,5.235,0.061,1.724,2.642,0.146,2.786,6.169,0.027,1.618,2.671,0.149,2.946,6.505,0.015,1.996,3.204,0.089,3.408,6.491,0.014,tumor,K8+ecad
2.081,15.218,0.053,3.444,6.175,0.087,2.591,4.849,0.013,4.674,10.537,0.016,2.817,2.976,0.005,5.101,11.799,0.003,2.069,2.298,0.005,3.985,9.313,0.0,tumor,Trip+
2.476,1.008,0.04,1.091,3.045,0.07,1.934,0.766,0.026,2.351,5.016,0.037,1.832,0.626,0.021,2.67,5.287,0.028,1.402,0.748,0.015,3.4,7.187,0.011,tumor,Trip+
2.282,5.136,0.259,4.578,5.937,0.06,2.669,4.094,0.131,4.335,8.665,0.029,3.081,3.255,0.023,4.342,10.967,0.006,2.562,3.576,0.082,3.607,9.691,0.007,tumor,Trip+
2.639,2.116,0.204,1.081,2.965,0.141,1.568,2.8,0.076,2.197,4.506,0.047,1.16,2.775,0.035,2.41,4.612,0.018,1.787,3.565,0.075,2.64,5.713,0.047,tumor,Trip+
2.177,5.817,0.087,2.25,5.142,0.051,2.209,5.728,0.054,2.265,5.572,0.031,2.322,5.275,0.021,2.303,6.1,0.016,2.007,6.653,0.049,2.207,5.375,0.013,tumor,Trip+
0.771,3.768,0.131,2.874,4.474,0.045,1.092,4.045,0.069,3.265,6.764,0.024,1.407,3.972,0.002,3.778,9.538,0.001,1.441,5.769,0.023,3.163,7.108,0.007,tumor,Trip+
1.144,5.219,0.233,2.358,2.673,0.072,1.879,5.029,0.14,2.683,4.623,0.046,2.467,4.734,0.063,2.994,6.237,0.023,2.819,5.361,0.036,2.896,6.915,0.019,tumor,Trip+
1.631,2.492,0.05,1.102,2.599,0.05,0.884,3.136,0.035,1.64,3.122,0.02,0.627,3.13,0.025,1.746,3.295,0.014,1.042,3.721,0.053,1.775,3.035,0.013,tumor,vim only
2.269,5.237,0.201,3.295,5.113,0.041,2.72,5.673,0.132,3.252,6.464,0.025,3.175,5.53,0.097,3.277,7.576,0.014,2.926,7.159,0.022,3.07,7.644,0.004,tumor,Trip+
2.364,3.665,0.044,3.59,8.277,0.011,2.788,4.532,0.03,3.213,8.115,0.008,2.861,4.926,0.024,2.979,7.73,0.008,3.204,4.728,0.027,3.295,8.91,0.003,tumor,Trip+
0.614,0.915,0.069,0.88,2.094,0.042,0.98,1.472,0.017,1.731,3.94,0.011,1.025,1.594,0.006,1.814,4.15,0.004,1.225,1.648,0.001,2.378,5.235,0.0,tumor,Trip+
0.922,3.959,0.099,2.582,5.305,0.452,0.871,3.949,0.05,2.623,7.003,0.341,0.865,3.873,0.03,2.594,7.817,0.277,0.779,4.266,0.027,2.849,7.38,0.362,tumor,K8+ecad
1.478,1.325,0.075,1.319,3.152,0.117,1.057,1.795,0.036,0.911,2.187,0.044,0.711,1.834,0.02,0.641,1.499,0.01,1.36,2.549,0.014,0.999,2.556,0.017,tumor,vim only
1.515,4.301,0.253,1.067,6.405,3.158,1.761,5.559,0.154,2.027,10.132,1.837,1.935,5.818,0.112,2.411,11.915,1.315,1.509,7.652,0.105,2.615,10.834,0.991,tumor,k14
3.567,3.427,0.232,3.383,7.081,0.029,3.538,3.298,0.093,3.131,7.302,0.013,3.762,3.074,0.007,3.097,7.868,0.003,2.655,3.737,0.009,2.528,5.869,0.005,tumor,vim only
3.107,3.684,0.031,1.968,5.276,0.239,1.974,5.434,0.021,2.78,6.195,0.184,1.423,5.903,0.011,3.076,6.42,0.186,1.376,7.583,0.031,3.527,7.392,0.062,tumor,K8+ecad
3.397,1.953,0.388,0.881,2.406,0.185,2.074,4.002,0.211,1.211,2.49,0.091,0.913,4.887,0.058,1.297,2.28,0.023,2.11,5.112,0.213,1.462,2.849,0.076,tumor,vim only
2.981,3.532,0.057,2.073,4.081,0.025,2.289,5.315,0.051,1.88,3.92,0.02,1.934,5.92,0.048,1.819,3.889,0.019,1.913,7.501,0.052,1.629,3.628,0.015,tumor,Trip+
1.059,3.953,1.074,2.893,3.895,0.069,1.678,3.644,0.497,3.505,7.03,0.031,2.112,3.367,0.049,4.03,9.534,0.002,2.309,3.583,0.088,3.728,8.947,0.002,tumor,Snail+
1.457,0.815,0.017,1.013,3.251,0.01,0.724,0.727,0.01,1.224,3.234,0.006,0.612,0.73,0.008,1.252,3.208,0.005,0.528,0.63,0.014,1.297,3.336,0.009,tumor,vim only
4.394,0.651,0.095,3.04,2.509,0.159,2.554,0.595,0.044,1.709,3.2,0.062,2.137,0.596,0.031,1.383,3.179,0.041,2.023,0.512,0.033,1.434,4.193,0.028,tumor,vim only
2.245,6.738,0.58,2.529,2.671,0.165,2.432,7.086,0.33,2.217,3.161,0.106,3.106,6.44,0.038,1.851,3.975,0.043,1.628,9.863,0.036,1.852,3.196,0.022,tumor,Trip+
3.328,4.748,0.187,3.583,7.096,0.077,3.231,4.459,0.097,3.79,9.715,0.07,3.332,3.986,0.027,3.908,12.13,0.057,2.777,4.819,0.039,4.019,10.612,0.084,tumor,Trip+
0.399,0.56,0.052,2.825,1.984,0.028,0.384,0.738,0.019,1.611,2.573,0.011,0.365,0.759,0.012,1.222,2.483,0.006,0.465,0.901,0.007,1.833,3.968,0.011,tumor,Ecad only
1.899,5.55,0.084,1.811,3.456,0.037,2.191,3.967,0.077,1.678,2.912,0.038,2.577,2.387,0.08,1.613,2.439,0.045,2.047,3.444,0.054,1.467,2.555,0.024,tumor,Trip+
3.857,2.58,0.313,5.881,4.65,0.092,2.652,2.213,0.09,2.825,5.106,0.034,2.309,2.097,0.022,2.037,5.145,0.018,2.34,2.162,0.047,1.716,5.575,0.014,tumor,vim only
1.581,5.214,0.138,2.58,4.762,0.028,1.945,4.882,0.078,3.084,6.782,0.014,2.237,4.336,0.032,3.464,8.453,0.004,2.126,5.655,0.039,3.417,7.638,0.004,tumor,Trip+
2.106,2.455,0.01,2.591,7.08,0.006,2.478,2.271,0.008,3.685,8.4,0.002,2.655,2.101,0.006,4.18,9.277,0.001,2.253,2.74,0.011,3.135,6.514,0.0,tumor,Trip+
3.386,0.666,0.226,3.739,3.015,0.092,2.397,0.504,0.076,1.903,3.178,0.049,2.246,0.457,0.04,1.517,3.318,0.041,1.574,0.494,0.023,0.977,2.646,0.024,tumor,vim only
5.356,0.946,0.037,0.933,3.882,0.13,2.355,1.142,0.017,1.976,5.205,0.04,1.503,1.168,0.009,2.087,5.191,0.008,2.221,1.248,0.023,2.635,6.556,0.054,tumor,vim only
2.785,3.351,0.093,2.296,2.997,0.091,2.344,2.458,0.046,2.795,5.166,0.049,2.066,1.689,0.009,3.219,6.966,0.015,1.782,2.2,0.022,2.962,6.07,0.023,tumor,Trip+
0.461,1.931,0.037,1.805,3.343,0.04,0.733,1.536,0.008,3.169,6.645,0.009,0.816,1.5,0.002,3.625,7.782,0.001,0.718,1.147,0.0,2.91,5.852,0.0,tumor,K8+ecad
1.821,6.315,0.295,3.331,4.273,0.114,2.477,4.567,0.143,3.571,6.964,0.067,3.037,3.166,0.05,3.699,8.633,0.034,2.248,4.795,0.053,3.796,8.587,0.056,tumor,Trip+
1.626,4.561,0.136,2.824,3.096,0.042,2.182,4.105,0.081,2.637,4.522,0.024,2.636,3.483,0.023,2.426,5.792,0.004,3.133,4.188,0.032,2.52,6.602,0.007,tumor,Trip+
2.22,4.805,0.089,1.869,3.615,0.075,2.007,5.992,0.036,2.168,4.339,0.057,1.844,6.151,0.011,2.143,4.367,0.058,2.102,7.869,0.013,2.853,5.705,0.019,tumor,Trip+
2.186,5.26,0.209,1.986,2.388,0.082,2.527,3.814,0.118,1.694,2.974,0.051,2.844,2.315,0.049,1.428,3.344,0.027,2.648,3.831,0.032,1.573,3.765,0.024,tumor,Trip+
2.693,1.092,0.082,7.147,5.706,0.074,2.298,1.063,0.036,4.537,7.196,0.032,1.894,0.913,0.016,3.351,7.961,0.013,2.571,1.337,0.009,3.188,7.778,0.011,tumor,Trip+
1.678,0.548,0.025,1.068,2.506,0.042,2.388,0.625,0.028,0.913,2.201,0.052,2.539,0.638,0.029,0.861,2.102,0.055,2.561,0.657,0.027,0.97,2.302,0.05,stroma,vim only
1.148,6.312,0.149,2.598,2.568,0.046,1.185,5.459,0.093,1.815,2.614,0.028,1.205,5.26,0.072,1.279,2.567,0.02,1.175,4.85,0.07,2.03,2.748,0.022,tumor,Trip+
3.039,4.026,0.082,1.834,3.559,0.05,3.196,4.04,0.043,2.188,4.519,0.029,3.55,3.65,0.017,2.381,5.06,0.016,2.355,5.608,0.013,2.657,5.722,0.01,tumor,Trip+
2.075,3.916,0.187,2.131,3.321,0.045,2.109,5.478,0.089,2.15,3.993,0.023,2.242,6.425,0.026,2.14,4.388,0.007,1.745,6.9,0.014,2.246,4.645,0.014,tumor,Trip+
3.263,3.277,0.141,3.772,8.696,0.011,3.17,3.721,0.092,3.263,7.821,0.009,3.248,3.87,0.054,2.906,7.293,0.008,2.713,4.692,0.036,2.599,6.468,0.01,tumor,Trip+
1.278,1.106,0.0,3.883,10.423,0.0,1.063,1.944,0.005,2.926,7.5,0.005,0.892,1.823,0.004,2.733,6.777,0.005,1.492,3.276,0.015,2.676,7.243,0.011,tumor,K8+ecad
2.197,8.132,0.012,2.884,6.09,0.009,1.686,8.119,0.01,2.901,6.185,0.005,1.566,8.081,0.011,2.906,6.253,0.004,1.273,8.239,0.002,2.914,6.097,0.002,tumor,Trip+
1.11,0.7,0.024,0.876,2.117,0.029,1.132,0.919,0.015,1.049,2.32,0.022,1.236,0.986,0.011,1.051,2.285,0.02,0.594,1.059,0.014,1.449,3.002,0.009,tumor,vim only
1.404,5.122,0.382,2.427,2.404,0.113,1.406,6.624,0.212,2.143,3.01,0.069,1.466,7.485,0.042,1.772,3.548,0.025,1.251,10.024,0.02,2.057,3.875,0.017,tumor,Trip+
1.561,5.13,0.16,1.818,2.723,0.064,1.808,4.572,0.102,1.969,3.615,0.041,2.028,3.308,0.006,1.993,4.499,0.004,2.564,4.786,0.031,2.705,6.116,0.009,tumor,Trip+
2.041,4.051,0.173,3.475,6.184,0.031,2.319,3.922,0.105,3.332,7.025,0.019,2.592,3.634,0.045,3.223,7.666,0.011,2.133,4.69,0.126,3.293,7.239,0.017,tumor,Trip+
1.085,8.895,0.238,2.221,2.122,0.096,1.577,7.381,0.149,3.227,4.283,0.059,2.037,5.517,0.048,4.086,6.407,0.017,2.156,7.008,0.097,4.665,6.495,0.038,tumor,Trip+
3.355,4.919,0.021,2.369,5.178,0.034,3.231,4.057,0.016,3.188,7.923,0.02,3.397,3.545,0.015,3.459,8.863,0.012,2.351,4.527,0.011,3.597,9.168,0.026,tumor,Trip+
2.054,3.526,0.101,2.357,3.4,0.11,1.781,4.676,0.044,2.483,4.982,0.053,1.743,4.684,0.012,2.575,6.027,0.017,1.077,8.448,0.021,2.41,4.702,0.046,tumor,K8+ecad
2.834,2.532,0.144,1.239,3.64,0.138,2.494,3.352,0.1,2.445,5.474,0.068,2.282,4.179,0.08,3.241,6.924,0.03,2.337,2.96,0.062,2.893,5.574,0.023,tumor,Trip+
2.04,0.676,0.065,1.993,1.718,0.068,2.22,0.865,0.05,1.376,1.708,0.047,2.409,0.886,0.047,1.08,1.649,0.038,1.692,1.233,0.031,1.353,1.986,0.038,tumor,vim only
4.358,1.419,0.095,0.861,2.507,0.151,2.873,1.831,0.042,1.073,2.575,0.057,2.499,1.948,0.023,1.117,2.618,0.026,1.765,2.091,0.021,1.266,2.524,0.016,tumor,vim only
2.937,7.567,0.071,2.422,4.684,0.096,3.077,6.629,0.045,2.437,5.371,0.063,3.033,5.979,0.025,2.415,5.82,0.034,3.598,5.27,0.011,2.536,6.427,0.028,tumor,Trip+
4.839,0.692,0.282,3.544,2.03,0.248,3.727,0.626,0.113,1.842,2.702,0.114,3.581,0.593,0.076,1.482,2.934,0.088,2.843,0.686,0.047,1.119,2.571,0.049,stroma,vim only
0.992,4.94,0.125,1.43,1.871,0.074,0.976,4.151,0.054,1.567,2.66,0.033,0.986,3.706,0.018,1.5,2.793,0.011,0.89,3.912,0.018,2.208,4.205,0.012,tumor,K8+ecad
0.692,5.939,0.086,2.131,4.922,0.075,0.779,6.072,0.034,3.027,6.583,0.027,0.706,6.047,0.017,3.377,7.345,0.006,1.129,6.344,0.013,3.267,6.681,0.021,tumor,Trip+
1.131,8.277,0.188,2.403,3.096,0.064,1.182,7.202,0.109,2.167,3.417,0.034,1.183,6.693,0.064,2.097,3.743,0.013,1.329,5.757,0.028,1.71,3.28,0.015,tumor,Trip+
1.437,2.866,0.166,0.985,2.416,0.148,1.814,1.951,0.086,0.875,1.704,0.078,1.866,1.749,0.064,0.842,1.53,0.064,2.099,1.669,0.082,0.885,1.574,0.047,tumor,vim only
1.656,6.744,0.159,2.47,3.796,0.066,1.835,6.997,0.086,2.597,4.606,0.037,2.043,6.935,0.015,2.627,5.242,0.009,1.874,8.544,0.014,3.113,6.057,0.003,tumor,Trip+
2.465,6.524,0.21,2.413,3.49,0.11,2.186,7.372,0.12,2.152,3.529,0.067,2.039,7.921,0.024,1.853,3.606,0.024,1.501,9.206,0.015,1.912,3.486,0.016,tumor,Trip+
2.246,6.783,0.343,3.516,6.167,0.069,2.001,6.789,0.137,3.35,6.749,0.028,1.885,6.954,0.024,3.3,7.165,0.006,1.787,6.063,0.023,3.079,6.623,0.005,tumor,Trip+
2.323,0.892,0.188,1.961,2.175,0.131,2.026,0.965,0.187,1.875,2.247,0.098,1.931,1.038,0.192,1.618,2.503,0.074,1.63,1.012,0.178,1.986,2.115,0.068,tumor,vim only
2.203,4.295,0.117,1.614,3.921,0.092,2.051,5.967,0.082,2.166,5.923,0.052,1.968,7.262,0.047,2.387,7.107,0.026,1.904,6.707,0.081,2.893,7.668,0.024,tumor,Trip+
1.247,4.473,0.083,2.443,3.726,0.282,1.627,5.596,0.045,3.103,6.814,0.282,1.782,6.302,0.026,3.503,8.598,0.301,2.132,6.145,0.011,3.481,8.92,0.211,tumor,Trip+
1.386,4.559,0.1,2.578,3.449,0.042,1.464,5.68,0.041,2.577,4.356,0.018,1.479,6.211,0.018,2.62,4.741,0.008,1.587,5.629,0.015,2.33,4.571,0.009,tumor,Trip+
1.827,1.376,0.101,2.387,3.196,0.051,1.948,1.485,0.11,2.25,3.681,0.044,2.03,2.198,0.072,1.878,4.8,0.033,2.078,1.438,0.152,2.216,4.072,0.034,tumor,vim only
2.404,6.693,0.081,2.187,4.471,0.063,3.015,5.068,0.04,2.708,6.7,0.069,3.367,4.255,0.019,2.979,7.855,0.065,3.208,3.831,0.013,3.039,8.162,0.111,tumor,Trip+
1.558,6.677,0.203,2.438,1.979,0.151,2.302,6.15,0.157,2.436,3.082,0.122,4.656,4.295,0.033,2.329,6.059,0.045,3.029,5.825,0.092,2.535,4.663,0.079,tumor,Trip+
2.357,7.862,0.166,2.157,2.672,0.152,3.091,6.492,0.067,2.611,5.596,0.083,3.488,5.883,0.017,2.734,6.572,0.05,3.165,5.906,0.045,3.077,7.961,0.063,tumor,Trip+
1.808,5.448,0.137,2.41,2.756,0.139,2.885,5.134,0.057,2.81,5.634,0.07,3.463,4.895,0.019,3.022,6.898,0.041,3.004,5.321,0.03,2.86,6.81,0.039,tumor,Trip+
1.187,11.156,0.73,2.478,1.489,0.153,1.216,9.427,0.375,2.246,1.331,0.092,1.255,8.418,0.104,1.862,1.211,0.044,1.19,7.717,0.184,2.64,1.246,0.059,tumor,Trip+
3.865,1.257,0.04,1.309,4.169,0.147,2.209,1.253,0.029,1.76,4.813,0.07,1.402,1.157,0.023,2.003,5.299,0.038,1.454,1.51,0.026,1.9,4.635,0.021,tumor,vim only
0.765,4.467,0.174,2.0,3.297,0.057,0.743,3.15,0.062,2.477,4.752,0.018,0.772,2.567,0.015,2.764,5.547,0.001,0.524,2.546,0.0,2.278,4.582,0.001,tumor,K8+ecad
2.961,3.024,0.357,3.405,6.913,0.042,3.185,3.162,0.142,3.147,7.602,0.02,3.333,3.018,0.035,3.009,7.979,0.008,3.148,4.067,0.037,3.061,7.792,0.011,tumor,vim only
2.675,4.348,0.087,3.885,4.722,0.063,2.869,3.778,0.044,3.669,5.779,0.032,3.044,3.22,0.013,3.634,6.541,0.01,2.844,4.027,0.021,3.093,6.357,0.011,tumor,Trip+
1.512,4.314,0.137,1.726,2.522,0.038,1.988,3.508,0.071,2.186,4.328,0.019,2.429,2.297,0.013,2.528,5.707,0.004,2.287,4.776,0.018,2.801,6.589,0.004,tumor,Trip+
1.519,1.609,0.158,2.616,3.099,0.042,1.786,3.969,0.09,2.719,4.462,0.018,1.895,5.875,0.053,2.929,5.315,0.007,1.901,3.524,0.077,2.538,4.57,0.014,tumor,vim only
3.417,8.566,0.019,4.873,9.701,0.021,3.327,2.648,0.011,4.474,10.451,0.013,3.433,1.074,0.008,4.543,11.103,0.01,2.792,1.069,0.016,3.674,8.858,0.013,tumor,Trip+
2.268,1.526,0.042,1.786,4.303,0.072,1.916,1.958,0.016,2.951,6.566,0.022,1.764,2.082,0.006,3.337,7.362,0.005,1.995,2.071,0.018,3.088,6.673,0.016,tumor,Trip+
1.896,7.432,0.24,2.623,2.877,0.108,2.383,6.385,0.133,2.812,4.535,0.058,2.952,5.317,0.057,3.066,6.133,0.022,1.697,7.235,0.086,2.408,3.567,0.033,tumor,Trip+
0.958,1.917,0.061,1.693,3.587,0.07,1.445,1.781,0.03,2.376,5.501,0.035,1.603,1.745,0.025,2.825,6.856,0.023,1.774,1.677,0.002,2.575,5.954,0.012,tumor,Trip+
1.594,0.655,0.03,0.963,2.25,0.06,2.119,0.558,0.018,0.961,2.165,0.041,2.651,0.535,0.01,0.907,2.056,0.031,1.903,0.444,0.014,1.066,2.248,0.03,stroma,vim only
2.743,3.876,0.129,2.066,3.615,0.059,2.442,3.418,0.046,2.509,4.986,0.02,2.411,3.048,0.012,2.755,5.694,0.003,1.881,3.967,0.004,2.464,5.073,0.005,tumor,vim only
1.916,8.98,0.002,5.186,13.034,0.0,1.682,7.627,0.007,3.889,9.062,0.001,1.612,7.748,0.006,3.627,8.293,0.001,1.691,5.468,0.019,3.411,7.468,0.001,tumor,Trip+
1.657,5.235,0.278,2.401,2.814,0.094,2.246,5.031,0.14,2.425,4.723,0.044,2.782,4.704,0.044,2.534,6.327,0.01,2.119,5.654,0.045,2.061,4.865,0.009,tumor,Trip+
1.614,0.376,0.129,3.769,1.178,0.041,3.203,0.54,0.074,1.75,1.217,0.068,3.853,0.595,0.067,1.294,1.216,0.082,2.661,0.528,0.026,0.942,1.272,0.047,stroma,vim only
1.626,5.63,0.144,2.698,5.926,0.144,1.867,5.424,0.117,2.708,6.814,0.13,1.991,5.091,0.098,2.71,7.247,0.135,2.379,5.732,0.071,2.743,8.791,0.063,tumor,Trip+
3.597,3.322,0.042,2.55,5.623,0.042,2.366,3.689,0.012,3.361,8.109,0.013,2.115,3.946,0.003,3.405,8.454,0.004,1.223,3.197,0.0,4.667,11.145,0.002,tumor,Trip+
2.862,6.621,0.015,3.454,7.04,0.008,2.465,6.785,0.011,3.168,6.717,0.009,2.455,6.844,0.012,3.177,6.864,0.009,2.026,6.71,0.005,2.78,5.638,0.01,tumor,Trip+
0.53,7.64,0.204,2.542,3.228,0.111,0.903,6.318,0.113,2.729,4.629,0.079,1.168,5.487,0.06,2.867,5.539,0.062,0.961,5.663,0.05,2.739,5.204,0.049,tumor,Trip+
1.786,7.919,0.489,2.153,2.095,0.1,2.307,7.382,0.26,1.929,2.729,0.067,2.846,6.84,0.086,1.679,3.464,0.041,2.194,7.46,0.144,2.027,2.379,0.054,tumor,Trip+
0.654,2.573,0.016,1.93,4.009,0.016,1.057,2.481,0.02,2.151,4.461,0.016,1.087,2.638,0.02,2.342,4.651,0.012,1.492,1.809,0.022,1.783,4.405,0.029,tumor,Trip+
3.344,1.194,0.147,0.851,2.869,0.171,3.188,0.963,0.082,2.024,5.641,0.103,2.91,0.703,0.023,3.847,9.907,0.015,3.191,0.84,0.033,2.22,6.141,0.078,tumor,vim only
2.843,1.228,0.017,1.541,4.037,0.034,1.303,2.584,0.008,2.037,4.541,0.013,0.962,2.576,0.004,2.065,4.429,0.008,0.771,4.073,0.011,2.484,5.461,0.005,tumor,vim only
4.859,1.182,0.083,1.39,3.601,0.189,2.971,1.861,0.039,1.8,4.263,0.078,2.248,2.175,0.021,1.909,4.448,0.036,1.935,2.101,0.017,2.141,4.793,0.016,tumor,vim only
2.718,4.387,0.271,2.686,4.536,0.063,3.22,4.543,0.125,2.958,5.969,0.031,3.887,4.383,0.006,3.206,7.296,0.007,2.866,5.464,0.02,3.088,6.586,0.001,tumor,Trip+
0.686,6.778,0.255,1.699,1.372,0.099,0.867,5.857,0.155,1.571,1.653,0.063,0.976,4.938,0.05,1.344,1.829,0.029,1.113,5.565,0.137,1.798,2.021,0.049,tumor,Ecad only
1.091,6.647,0.09,2.791,5.936,0.179,1.891,5.733,0.029,2.977,7.908,0.182,2.041,5.566,0.008,3.046,8.517,0.172,2.729,4.759,0.009,3.005,8.804,0.238,tumor,Trip+
0.875,7.279,0.263,1.923,2.294,0.076,1.45,6.46,0.14,2.164,3.35,0.041,2.012,5.704,0.023,2.392,4.296,0.006,2.001,5.546,0.017,2.413,4.601,0.009,tumor,Trip+
2.436,5.227,0.291,3.457,6.398,0.026,2.072,3.868,0.107,3.088,6.815,0.012,1.95,3.361,0.034,3.014,7.194,0.006,1.814,3.158,0.038,2.57,5.863,0.01,tumor,Trip+
1.628,1.706,0.006,5.519,11.394,0.006,2.01,2.425,0.004,4.512,10.754,0.009,2.023,2.434,0.004,4.455,10.902,0.007,2.369,3.166,0.0,3.667,9.428,0.021,tumor,Trip+
1.897,4.348,0.038,3.687,7.311,0.007,2.638,5.074,0.011,4.73,10.998,0.002,2.963,5.154,0.001,5.196,12.467,0.001,2.782,6.121,0.0,4.898,12.281,0.0,tumor,Trip+
3.004,3.479,0.169,1.401,3.567,0.144,1.726,6.957,0.079,2.499,5.591,0.039,1.522,7.768,0.063,2.573,5.828,0.022,1.291,6.972,0.054,3.33,6.66,0.007,tumor,K8+ecad
4.101,1.395,0.2,1.444,4.123,0.152,3.363,2.355,0.078,2.411,6.208,0.061,3.102,2.678,0.033,2.839,7.175,0.025,3.046,2.831,0.033,2.511,6.249,0.032,tumor,vim only
2.033,7.156,0.079,1.697,1.77,0.075,1.728,6.565,0.043,1.449,1.644,0.043,1.693,6.321,0.03,1.339,1.598,0.035,1.255,6.458,0.033,1.44,1.593,0.017,tumor,Trip+
4.266,0.732,0.339,5.178,2.535,0.151,2.888,0.773,0.179,2.287,1.986,0.085,2.288,0.706,0.131,1.095,1.746,0.056,2.391,1.046,0.055,1.034,1.793,0.06,tumor,vim only
2.209,1.395,0.051,1.205,3.637,0.096,2.572,1.603,0.021,2.559,6.334,0.046,2.813,1.711,0.01,3.259,7.755,0.024,2.378,1.597,0.005,2.541,6.193,0.036,tumor,Trip+
4.651,0.879,0.17,1.399,4.323,0.15,2.901,1.863,0.057,3.362,7.536,0.049,2.365,2.072,0.019,3.854,8.361,0.015,1.928,2.797,0.012,4.912,9.992,0.008,tumor,Trip+
3.06,5.24,0.237,2.491,1.895,0.11,3.441,4.128,0.154,2.033,1.894,0.095,3.821,3.449,0.124,2.005,1.92,0.094,2.497,4.989,0.13,1.28,1.775,0.074,tumor,vim only
3.785,1.752,0.026,0.958,3.094,0.109,2.09,1.872,0.008,1.726,4.171,0.034,1.88,1.884,0.005,1.687,3.975,0.02,1.299,1.935,0.001,2.501,5.699,0.012,tumor,vim only
0.82,6.708,0.043,3.458,6.309,0.025,0.881,5.982,0.032,3.301,6.579,0.026,0.837,5.364,0.022,3.254,6.743,0.021,1.23,5.987,0.032,2.988,6.819,0.048,tumor,K8+ecad
2.558,1.862,0.063,2.572,5.272,0.006,2.389,2.212,0.024,3.902,7.876,0.005,2.404,2.391,0.008,4.355,8.655,0.005,1.829,2.229,0.005,5.202,11.018,0.008,tumor,Trip+
5.793,0.59,0.122,2.975,2.333,0.21,3.716,0.479,0.054,1.339,1.95,0.075,3.641,0.455,0.044,1.1,1.956,0.058,1.958,0.487,0.032,0.861,1.522,0.023,stroma,vim only
4.807,1.098,0.036,1.661,5.378,0.071,2.669,3.214,0.012,3.23,7.659,0.02,2.267,3.279,0.006,3.671,8.461,0.006,1.325,6.059,0.004,3.555,7.396,0.01,tumor,vim only
2.805,3.71,0.14,3.058,4.832,0.044,2.443,4.591,0.068,3.245,5.346,0.02,2.293,4.894,0.016,3.372,5.741,0.004,1.737,6.587,0.017,3.404,5.589,0.002,tumor,Trip+
3.076,2.103,0.249,1.39,4.685,0.111,2.271,4.076,0.164,1.816,5.023,0.069,1.419,5.331,0.087,2.013,4.696,0.035,1.827,6.679,0.092,2.512,6.449,0.029,tumor,Trip+
2.456,2.885,0.03,3.284,6.027,0.009,2.937,3.316,0.014,3.509,7.551,0.004,3.304,3.095,0.006,3.694,8.575,0.001,2.812,5.321,0.001,3.398,7.679,0.005,tumor,Trip+
2.964,2.793,0.22,1.537,2.906,0.043,3.419,3.025,0.084,2.004,4.324,0.02,3.66,3.093,0.019,2.13,4.783,0.009,3.593,3.333,0.003,2.657,6.004,0.003,tumor,vim only
0.886,4.319,0.001,3.845,8.064,0.002,0.847,4.413,0.004,4.647,9.677,0.001,0.857,4.59,0.005,5.183,10.752,0.001,0.73,3.829,0.005,3.907,8.21,0.0,tumor,K8+ecad
0.689,8.497,0.177,3.402,4.943,0.032,1.258,7.213,0.081,3.265,6.143,0.014,1.532,6.65,0.034,3.148,6.631,0.004,1.495,6.404,0.045,3.462,7.09,0.006,tumor,Trip+
3.398,3.782,0.406,4.357,9.044,0.039,2.828,5.391,0.2,4.051,9.526,0.029,2.726,5.964,0.105,4.03,9.819,0.023,1.877,7.093,0.057,3.428,9.62,0.025,tumor,K8+ecad
0.885,4.507,0.073,1.108,1.514,0.035,1.328,6.067,0.037,1.766,2.661,0.018,1.517,6.867,0.021,2.042,3.192,0.01,1.578,6.412,0.018,2.163,3.146,0.011,tumor,Trip+
2.142,6.963,0.294,1.834,2.297,0.113,2.669,6.349,0.163,1.782,2.789,0.075,3.35,5.573,0.032,1.697,3.244,0.045,2.807,6.147,0.031,1.811,3.375,0.017,tumor,Trip+
3.265,2.962,0.08,1.849,5.098,0.088,2.268,4.733,0.049,3.117,7.816,0.044,1.476,5.712,0.02,4.343,10.714,0.011,1.676,6.568,0.038,3.467,8.07,0.017,tumor,Trip+
1.815,6.241,0.175,2.289,3.249,0.172,1.612,5.834,0.113,2.174,4.169,0.163,1.277,5.298,0.059,2.004,4.889,0.18,1.816,5.872,0.048,2.232,5.426,0.087,tumor,Trip+
1.008,4.773,0.184,2.688,2.611,0.066,1.303,5.61,0.093,2.034,2.454,0.039,1.498,5.727,0.044,1.598,2.251,0.023,1.42,7.52,0.015,1.793,2.751,0.02,tumor,Trip+
0.971,6.777,0.317,2.275,1.73,0.091,1.375,4.711,0.174,2.29,2.255,0.058,1.656,2.729,0.058,2.365,2.469,0.027,1.883,4.11,0.055,2.074,3.463,0.047,tumor,Trip+
3.086,0.533,0.131,1.738,5.415,0.103,2.667,0.419,0.075,1.022,2.717,0.07,2.593,0.376,0.056,0.698,1.622,0.062,2.302,0.393,0.055,1.042,2.38,0.048,stroma,vim only
4.288,0.928,0.085,1.534,4.565,0.117,3.4,0.929,0.067,1.342,3.372,0.07,3.099,0.888,0.066,1.135,2.67,0.052,2.97,1.054,0.041,1.679,3.687,0.054,tumor,vim only
0.81,3.664,0.04,3.639,7.297,0.004,0.858,3.622,0.012,3.963,8.229,0.001,0.865,3.013,0.002,4.096,8.712,0.0,0.932,6.05,0.0,4.096,8.211,0.0,tumor,K8+ecad
1.583,4.95,0.123,2.446,4.063,0.042,2.227,4.67,0.054,2.874,5.793,0.019,2.718,4.235,0.004,3.161,6.958,0.001,2.574,5.291,0.004,3.241,7.257,0.005,tumor,Trip+
8.025,1.412,0.045,2.299,6.794,0.194,4.815,1.859,0.021,3.353,8.408,0.094,2.586,2.222,0.0,4.099,9.529,0.002,3.701,1.959,0.016,3.704,8.969,0.084,tumor,vim only
2.157,1.088,0.116,1.741,1.491,0.105,1.859,1.44,0.078,1.265,1.949,0.055,1.659,1.695,0.062,1.13,2.135,0.036,2.142,1.038,0.08,1.029,1.967,0.045,tumor,vim only
1.045,6.647,0.114,2.376,3.421,0.044,1.132,6.845,0.065,2.569,4.53,0.023,1.237,7.162,0.016,2.753,5.649,0.002,1.17,6.692,0.016,2.798,5.67,0.003,tumor,K8+ecad
2.207,5.755,0.244,3.132,2.254,0.088,3.74,3.238,0.102,2.968,5.717,0.051,4.604,1.851,0.028,2.88,7.39,0.03,4.258,2.223,0.026,2.895,8.419,0.043,tumor,Trip+
0.551,3.724,0.227,4.862,4.544,0.072,0.59,4.204,0.091,4.549,8.197,0.034,0.61,3.926,0.031,4.262,9.492,0.019,0.599,6.929,0.017,5.135,11.74,0.001,tumor,K8+ecad
2.229,4.83,0.124,2.442,5.011,0.058,2.283,4.701,0.091,2.668,6.292,0.05,2.317,4.065,0.043,2.865,7.921,0.05,2.436,5.688,0.065,3.168,7.876,0.018,tumor,Trip+
1.36,3.208,0.205,1.453,2.214,0.087,1.266,4.654,0.104,2.388,4.202,0.047,1.196,5.345,0.03,3.216,5.728,0.015,1.197,7.263,0.017,2.638,5.609,0.026,tumor,Trip+
2.287,4.689,0.099,3.14,5.672,0.03,2.453,3.951,0.046,3.215,6.447,0.015,2.728,3.504,0.008,3.586,7.719,0.004,1.97,3.351,0.025,2.126,4.234,0.011,tumor,Trip+
2.367,7.387,0.095,2.069,3.737,0.06,2.923,5.051,0.078,2.106,4.641,0.049,3.189,4.348,0.067,2.14,5.058,0.046,2.858,3.018,0.1,2.009,4.613,0.037,tumor,Trip+
0.997,4.876,0.054,1.877,3.319,0.02,1.029,6.273,0.031,2.459,4.835,0.012,0.915,7.004,0.009,2.999,6.268,0.003,1.478,8.779,0.021,2.791,5.622,0.018,tumor,K8+ecad
5.355,1.471,0.06,1.344,3.577,0.258,2.046,3.286,0.033,1.701,3.971,0.082,1.215,3.587,0.025,1.628,3.702,0.041,1.053,4.452,0.027,2.464,5.565,0.018,tumor,vim only
1.112,5.097,0.041,2.014,3.959,0.016,1.496,5.425,0.026,2.889,5.173,0.009,1.75,5.359,0.017,3.586,5.909,0.004,1.82,6.635,0.01,3.235,6.416,0.003,tumor,Trip+
2.728,3.436,0.109,3.073,5.89,0.029,3.015,2.745,0.041,4.273,9.051,0.01,3.17,2.52,0.019,4.784,10.384,0.004,2.838,2.322,0.006,4.323,9.251,0.001,tumor,Trip+
3.356,0.999,0.128,2.108,4.263,0.096,2.769,1.053,0.102,1.861,3.481,0.075,2.175,1.139,0.084,1.593,2.951,0.054,2.253,1.061,0.071,1.667,2.481,0.056,tumor,vim only
2.11,5.901,0.059,2.847,5.057,0.027,1.939,6.514,0.035,2.707,5.375,0.018,1.786,7.094,0.011,2.52,5.682,0.007,1.722,7.219,0.014,2.702,5.725,0.015,tumor,Trip+
1.607,2.33,0.139,2.069,3.016,0.034,1.513,2.901,0.057,2.361,4.07,0.016,1.468,3.032,0.009,2.457,4.604,0.004,1.411,4.236,0.009,2.897,5.073,0.01,tumor,Trip+
2.136,4.63,0.043,2.51,5.225,0.02,2.138,4.64,0.026,2.205,4.338,0.013,2.177,4.616,0.016,2.017,3.809,0.01,1.919,4.816,0.017,2.083,3.871,0.006,tumor,Trip+
2.854,3.988,0.062,3.079,4.675,0.033,2.742,4.238,0.036,2.922,5.51,0.024,2.629,4.105,0.01,2.696,6.098,0.011,2.604,5.561,0.007,2.895,7.174,0.023,tumor,Trip+
0.533,3.221,0.007,1.958,4.133,0.003,0.465,2.821,0.005,1.834,3.839,0.001,0.447,2.661,0.006,1.738,3.652,0.0,0.438,2.918,0.0,2.065,4.213,0.001,tumor,K8+ecad
1.688,5.228,0.251,2.706,3.38,0.07,2.247,3.952,0.122,2.976,5.505,0.035,2.726,2.905,0.022,3.222,7.303,0.008,2.44,3.284,0.02,2.999,6.352,0.009,tumor,Trip+
2.201,0.675,0.09,0.361,1.548,0.144,1.018,0.496,0.035,0.486,0.998,0.041,0.826,0.473,0.026,0.514,0.917,0.022,0.486,0.381,0.014,0.504,0.71,0.006,stroma,vim only
1.681,6.902,0.215,1.784,1.826,0.102,1.786,6.894,0.134,1.771,2.203,0.068,1.865,7.217,0.056,1.81,2.698,0.035,1.969,5.823,0.043,1.592,2.185,0.034,tumor,Trip+
1.666,1.783,0.158,1.13,1.773,0.168,0.982,1.465,0.086,0.802,1.338,0.065,0.683,1.43,0.06,0.575,1.042,0.027,0.845,1.061,0.055,1.016,1.599,0.025,tumor,vim only
3.686,1.133,0.047,1.982,6.054,0.084,3.309,1.544,0.031,2.435,6.375,0.059,3.414,1.651,0.028,2.515,6.255,0.059,2.412,1.848,0.014,2.889,7.232,0.024,tumor,vim only
2.22,5.254,0.112,1.256,2.033,0.073,1.902,4.066,0.092,1.141,1.879,0.055,1.613,2.943,0.078,1.029,1.643,0.035,1.919,4.223,0.085,1.165,2.106,0.062,tumor,Trip+
1.376,5.722,0.01,5.758,12.877,0.0,1.865,6.817,0.012,4.646,10.723,0.011,2.028,7.09,0.015,4.376,10.196,0.015,1.904,7.32,0.003,4.109,9.698,0.01,tumor,Trip+
2.265,4.714,0.056,2.735,5.234,0.021,2.138,4.99,0.034,2.579,5.147,0.012,1.961,5.093,0.011,2.426,5.103,0.002,2.088,5.767,0.009,2.363,4.927,0.006,tumor,Trip+
4.328,0.471,0.1,2.24,1.211,0.13,2.581,0.349,0.05,0.892,0.815,0.074,2.115,0.312,0.033,0.455,0.687,0.057,1.54,0.296,0.038,0.413,0.672,0.048,stroma,vim only
2.83,1.823,0.22,1.437,3.024,0.173,2.741,3.145,0.12,2.123,5.11,0.088,2.661,4.02,0.067,2.593,6.455,0.04,2.77,3.408,0.069,2.224,5.611,0.053,tumor,Trip+
0.764,6.16,0.007,4.976,8.911,0.006,0.855,3.312,0.002,4.731,8.691,0.002,0.927,2.104,0.001,4.925,9.004,0.0,0.748,2.983,0.0,3.658,7.242,0.001,tumor,K8+ecad
1.027,2.408,0.127,1.548,2.891,0.04,1.25,3.165,0.057,2.021,4.844,0.05,1.393,3.082,0.017,2.249,5.824,0.044,1.343,5.978,0.005,2.554,6.862,0.106,tumor,Trip+
2.063,5.523,0.262,1.701,2.373,0.1,1.803,5.45,0.143,1.682,2.438,0.06,1.458,5.615,0.04,1.578,2.29,0.024,1.962,4.614,0.027,1.949,3.176,0.028,tumor,Trip+
2.296,7.193,0.135,2.139,3.601,0.136,3.364,5.192,0.084,2.482,5.571,0.1,4.302,3.422,0.038,2.817,7.297,0.069,4.694,2.758,0.028,2.757,8.041,0.053,tumor,Trip+
5.55,1.097,0.131,1.137,2.974,0.203,3.914,1.227,0.062,1.79,4.646,0.098,2.992,1.181,0.025,1.902,4.871,0.044,3.673,1.493,0.051,2.417,6.372,0.071,tumor,vim only
3.581,3.37,0.097,1.548,4.021,0.148,2.485,4.739,0.034,2.309,5.338,0.054,2.055,5.268,0.01,2.502,5.811,0.024,2.531,4.718,0.031,2.808,5.507,0.028,tumor,Trip+
1.654,2.565,0.022,1.58,3.341,0.038,2.002,2.141,0.013,2.031,4.641,0.034,2.134,1.847,0.011,1.959,4.576,0.032,1.968,2.787,0.009,3.092,7.04,0.04,tumor,Trip+
2.554,0.9,0.161,1.941,1.684,0.134,2.515,1.159,0.126,2.018,1.765,0.082,2.555,1.278,0.112,2.089,1.78,0.054,2.27,1.444,0.082,1.981,1.926,0.041,tumor,vim only
2.885,0.593,0.412,2.382,1.819,0.064,2.707,2.35,0.206,1.505,2.019,0.038,2.729,2.38,0.198,1.275,1.781,0.04,2.567,3.11,0.132,1.687,2.736,0.022,tumor,vim only
2.163,0.532,0.287,3.144,1.573,0.068,2.012,0.484,0.133,1.564,1.719,0.05,2.032,0.453,0.083,0.984,1.709,0.045,1.661,0.524,0.06,1.083,2.018,0.04,tumor,vim only
4.997,3.912,0.099,1.846,3.062,0.195,3.541,3.317,0.052,2.234,4.29,0.1,2.992,2.934,0.027,2.366,4.797,0.06,2.076,3.422,0.038,2.688,5.331,0.027,tumor,vim only
1.321,4.1,0.061,2.336,3.546,0.082,1.506,3.655,0.021,2.958,5.84,0.032,1.441,3.6,0.015,2.973,6.068,0.021,2.045,3.434,0.009,3.587,7.261,0.032,tumor,Trip+
2.685,2.716,0.072,2.608,6.524,0.236,2.984,2.346,0.041,2.791,8.294,0.21,3.216,1.904,0.02,3.097,9.944,0.216,3.136,2.683,0.011,2.33,8.238,0.106,tumor,Trip+
1.739,4.533,0.065,2.414,4.913,0.04,2.202,4.572,0.035,2.779,7.379,0.039,2.58,4.502,0.011,3.004,9.021,0.029,2.397,5.057,0.023,3.27,10.129,0.085,tumor,Trip+
1.526,1.05,0.008,3.927,9.424,0.006,1.332,1.257,0.002,5.488,13.115,0.002,1.253,1.316,0.0,5.995,14.254,0.0,1.285,1.426,0.0,6.494,15.763,0.0,tumor,K8+ecad
1.865,0.481,0.085,0.981,1.041,0.095,0.902,0.386,0.043,0.55,0.861,0.041,0.427,0.341,0.026,0.393,0.792,0.016,0.915,0.381,0.033,0.416,0.813,0.038,stroma,vim only
3.388,3.103,0.042,2.834,6.064,0.179,3.059,3.277,0.027,2.513,6.46,0.139,2.981,3.231,0.018,2.388,6.851,0.119,2.411,3.995,0.016,2.088,5.966,0.106,tumor,vim only
1.244,4.776,0.124,1.878,3.515,0.164,1.971,4.55,0.066,2.4,6.823,0.216,2.536,4.401,0.024,2.849,9.581,0.292,2.498,4.263,0.015,2.618,8.495,0.12,tumor,Trip+
0.653,3.964,0.081,1.353,1.964,0.018,0.887,5.091,0.047,1.822,2.681,0.01,1.031,5.603,0.025,2.123,3.092,0.005,1.017,6.515,0.029,2.016,3.204,0.006,tumor,Trip+
2.998,4.045,0.04,2.767,7.945,0.354,2.96,4.006,0.029,2.782,9.381,0.328,3.019,3.753,0.021,2.757,10.462,0.34,2.6,4.828,0.017,2.938,10.489,0.19,tumor,Trip+
1.233,2.189,0.198,2.943,3.734,0.048,1.561,1.729,0.119,2.63,4.334,0.037,1.69,1.373,0.066,2.087,3.671,0.031,2.112,1.379,0.038,3.124,7.54,0.02,tumor,Trip+
3.718,3.349,0.024,3.774,9.186,0.031,3.262,3.641,0.014,4.957,11.615,0.018,3.116,3.693,0.008,5.363,12.602,0.012,3.041,3.984,0.019,5.387,11.755,0.017,tumor,Trip+
2.569,5.381,0.028,2.393,4.933,0.018,2.813,4.987,0.018,2.692,5.785,0.014,3.007,4.579,0.007,2.917,6.415,0.012,2.904,5.081,0.019,2.836,6.227,0.013,tumor,Trip+
1.602,4.807,0.404,3.041,2.236,0.088,2.093,3.69,0.267,2.565,2.96,0.064,2.807,1.795,0.03,1.668,3.815,0.027,3.052,1.994,0.069,2.004,4.697,0.022,tumor,Trip+
1.872,7.027,0.134,1.535,1.701,0.092,1.842,7.546,0.092,1.432,1.489,0.065,1.75,7.565,0.047,1.288,1.257,0.037,1.935,9.208,0.049,1.394,1.277,0.035,tumor,Trip+
2.489,3.408,0.031,1.889,4.271,0.032,2.775,3.328,0.015,2.273,5.867,0.064,2.981,3.181,0.008,2.377,6.303,0.057,2.386,3.853,0.014,2.561,7.023,0.165,tumor,Trip+
2.101,4.05,0.305,2.13,2.509,0.053,1.862,5.287,0.164,2.201,2.559,0.037,1.529,5.693,0.05,2.225,2.176,0.023,1.95,7.874,0.029,2.347,3.582,0.02,tumor,Trip+
2.779,5.511,0.047,2.243,5.201,0.061,2.927,5.736,0.026,2.617,6.73,0.051,3.061,5.873,0.017,2.836,7.514,0.042,2.858,5.794,0.01,2.733,7.486,0.054,tumor,Trip+
2.621,2.378,0.165,1.476,2.232,0.105,1.92,2.685,0.108,1.903,2.188,0.059,1.67,2.811,0.087,2.097,2.08,0.037,1.452,2.801,0.067,1.972,2.64,0.056,tumor,vim only
4.524,1.197,0.112,0.962,3.178,0.203,1.854,1.615,0.036,1.891,4.597,0.058,1.019,1.612,0.014,1.986,4.615,0.014,1.074,2.287,0.008,2.968,6.757,0.01,tumor,vim only
2.495,0.773,0.273,3.74,1.717,0.101,2.552,1.239,0.142,2.445,1.621,0.079,2.614,1.246,0.117,2.149,1.48,0.071,2.319,2.019,0.046,1.766,2.209,0.077,tumor,vim only
2.126,6.836,0.27,1.488,1.74,0.096,2.435,6.696,0.15,1.657,2.046,0.066,2.7,6.325,0.051,1.759,2.287,0.04,2.641,7.24,0.061,1.875,2.284,0.05,tumor,Trip+
3.519,1.828,0.158,1.204,3.71,0.121,2.32,3.245,0.083,2.16,4.694,0.054,1.93,3.932,0.051,2.6,5.235,0.027,1.769,3.169,0.077,2.183,4.433,0.038,tumor,Trip+
2.374,0.396,0.077,0.391,1.006,0.199,1.188,0.312,0.053,0.281,0.771,0.105,1.055,0.304,0.048,0.261,0.74,0.091,0.635,0.267,0.053,0.26,0.677,0.075,stroma,vim only
3.28,2.628,0.079,2.031,5.148,0.051,2.592,1.996,0.059,2.276,5.123,0.026,2.32,1.88,0.03,2.568,5.317,0.013,2.366,1.479,0.101,1.903,4.645,0.025,tumor,vim only
0.925,3.043,0.042,2.437,3.829,0.015,0.855,4.466,0.02,2.353,3.929,0.008,0.781,4.916,0.012,2.378,4.073,0.005,1.052,5.66,0.004,2.023,3.452,0.011,tumor,K8+ecad
3.731,3.864,0.069,6.658,11.348,0.015,3.443,1.832,0.027,4.979,10.496,0.009,3.67,0.862,0.004,4.325,10.453,0.004,2.067,0.674,0.013,3.535,8.805,0.014,tumor,Trip+
1.02,6.571,0.501,3.389,2.695,0.057,1.545,4.252,0.268,2.948,4.161,0.034,2.007,1.603,0.004,2.539,6.077,0.002,2.445,1.747,0.014,2.237,5.158,0.02,tumor,Trip+
0.868,3.199,0.125,1.406,2.031,0.034,1.185,3.429,0.063,1.575,2.175,0.02,1.356,3.122,0.016,1.629,2.066,0.008,1.647,5.065,0.012,1.93,2.948,0.01,tumor,Trip+
2.336,0.942,0.104,1.53,2.105,0.1,2.495,0.947,0.093,1.616,2.262,0.086,2.603,0.887,0.044,1.675,2.413,0.081,2.639,0.999,0.116,1.693,2.37,0.069,tumor,vim only
1.074,6.303,0.767,3.468,3.579,0.072,1.73,4.494,0.383,3.141,5.661,0.063,2.272,2.8,0.026,2.847,7.43,0.05,2.577,2.743,0.007,2.792,8.203,0.065,tumor,Trip+
6.198,1.306,0.076,1.048,3.805,0.22,3.135,1.477,0.03,1.937,4.357,0.083,1.937,1.428,0.011,2.043,4.16,0.036,2.322,1.885,0.02,2.927,5.787,0.028,tumor,vim only
0.719,3.865,0.077,1.176,1.43,0.029,1.435,4.564,0.044,1.342,1.759,0.022,1.712,4.693,0.03,1.337,1.838,0.018,1.948,5.616,0.022,1.728,2.179,0.02,tumor,Trip+
1.4,4.976,0.102,1.379,1.641,0.047,1.759,4.659,0.05,1.235,1.681,0.038,1.842,4.049,0.028,1.166,1.699,0.033,2.284,6.509,0.018,1.184,1.7,0.04,tumor,Trip+
2.819,2.417,0.034,4.079,10.496,0.011,2.312,2.008,0.031,3.265,7.949,0.011,2.263,1.891,0.026,3.153,7.626,0.01,1.558,1.719,0.042,2.186,4.466,0.016,tumor,Trip+
1.809,1.029,0.104,0.782,2.788,0.092,1.516,1.355,0.055,0.825,1.871,0.049,1.443,1.543,0.043,0.82,1.498,0.036,1.362,1.258,0.031,0.888,1.746,0.032,tumor,vim only
1.013,0.562,0.116,1.552,1.734,0.091,1.488,0.668,0.119,1.841,1.591,0.078,1.763,0.759,0.128,1.969,1.446,0.066,1.964,0.728,0.112,2.195,1.545,0.074,tumor,vim only
3.584,3.088,0.138,1.746,4.369,0.13,2.531,2.585,0.096,1.554,3.182,0.077,1.989,2.512,0.077,1.426,2.8,0.042,1.853,1.837,0.066,1.5,1.899,0.059,tumor,vim only
2.11,0.604,0.046,1.272,4.349,0.078,2.15,0.394,0.035,1.005,2.374,0.046,1.954,0.357,0.036,0.852,1.792,0.035,2.983,0.313,0.017,1.328,2.55,0.055,tumor,vim only
2.112,3.601,0.214,2.581,3.969,0.059,2.643,4.305,0.121,3.106,5.955,0.037,3.444,4.748,0.011,3.897,8.922,0.008,2.855,6.139,0.008,3.315,6.801,0.022,tumor,Trip+
2.878,0.851,0.17,1.544,4.11,0.075,2.236,0.981,0.101,1.822,2.702,0.05,1.829,1.03,0.064,1.863,1.777,0.038,2.302,1.043,0.091,2.104,2.922,0.042,tumor,vim only
2.203,4.094,0.013,2.27,5.873,0.503,2.252,4.252,0.013,2.679,7.387,0.412,2.336,4.299,0.013,2.933,8.201,0.382,1.889,4.413,0.016,2.303,6.742,0.339,tumor,K8
0.707,3.333,0.046,3.505,8.626,0.177,0.719,4.266,0.021,3.443,8.977,0.453,0.702,3.734,0.016,3.479,9.686,0.571,0.79,7.137,0.002,3.25,7.189,0.432,tumor,K8+ecad
2.647,6.144,0.067,2.559,4.196,0.12,2.929,5.447,0.045,2.833,5.307,0.085,3.188,4.973,0.034,3.148,6.074,0.059,3.057,4.644,0.011,2.773,6.557,0.051,tumor,Trip+
4.504,1.355,0.112,1.056,2.959,0.165,2.472,2.246,0.056,1.595,3.119,0.072,1.423,2.831,0.03,1.652,2.673,0.024,1.859,2.264,0.032,2.197,4.225,0.042,tumor,vim only
2.632,0.803,0.242,0.911,3.232,0.206,1.141,0.426,0.099,0.461,1.711,0.068,0.929,0.37,0.078,0.396,1.505,0.044,0.491,0.277,0.036,0.275,0.994,0.03,stroma,vim only
2.32,7.239,0.197,2.252,3.146,0.149,2.784,6.355,0.114,2.538,4.767,0.108,3.497,5.259,0.016,2.873,6.795,0.064,2.416,5.649,0.024,2.875,5.971,0.036,tumor,Trip+
2.492,4.121,0.056,3.867,8.65,0.034,2.652,2.865,0.021,3.488,7.21,0.013,2.555,2.601,0.012,3.619,7.156,0.004,3.149,2.208,0.007,2.618,5.668,0.017,tumor,Trip+
0.97,3.099,0.1,1.508,2.5,0.028,1.941,3.167,0.054,2.682,4.637,0.014,2.951,2.625,0.013,3.972,6.846,0.002,2.364,5.074,0.013,2.978,5.6,0.004,tumor,Trip+
1.62,3.934,0.035,2.59,5.057,0.015,1.985,3.375,0.024,3.352,7.735,0.018,2.33,2.665,0.014,4.151,10.068,0.012,1.896,4.078,0.023,2.921,7.723,0.044,tumor,Trip+
2.284,3.066,0.081,3.402,4.659,0.03,2.412,2.165,0.034,3.004,6.174,0.019,2.514,1.665,0.009,2.867,7.087,0.011,2.318,1.782,0.012,2.435,6.475,0.022,tumor,Trip+
1.754,0.566,0.113,2.043,1.228,0.054,1.988,0.583,0.125,2.064,1.189,0.049,2.155,0.578,0.143,2.173,1.144,0.046,2.067,0.617,0.115,1.923,1.206,0.049,stroma,vim only
1.667,4.719,0.309,3.284,3.899,0.051,2.256,3.229,0.168,3.311,5.704,0.03,2.892,1.63,0.028,3.395,7.61,0.009,2.731,2.0,0.025,3.183,7.275,0.01,tumor,Trip+
2.182,1.287,0.019,1.335,4.226,0.074,1.279,2.099,0.011,3.422,7.281,0.014,1.106,2.002,0.011,3.715,7.65,0.003,1.093,3.467,0.003,4.354,8.924,0.001,tumor,K8+ecad
1.926,0.694,0.083,1.379,1.335,0.046,1.396,0.49,0.052,0.871,0.867,0.025,1.134,0.414,0.04,0.662,0.655,0.015,1.434,0.396,0.042,0.724,0.82,0.026,stroma,vim only
4.041,0.97,0.237,1.831,3.975,0.13,3.578,0.948,0.214,1.949,3.438,0.121,2.28,0.918,0.155,2.765,2.897,0.067,3.693,0.934,0.216,1.615,2.962,0.143,stroma,vim only
2.717,3.341,0.213,2.655,4.265,0.052,2.838,4.271,0.096,2.475,4.345,0.028,3.018,4.657,0.016,2.432,4.553,0.01,2.537,5.96,0.009,2.025,3.797,0.014,tumor,Trip+
1.122,0.628,0.278,0.512,1.333,0.161,1.085,0.781,0.17,0.521,1.287,0.106,0.91,0.807,0.113,0.485,1.176,0.074,1.51,1.06,0.088,0.649,1.503,0.071,tumor,vim only
4.258,1.895,0.018,2.284,5.772,0.061,1.917,2.5,0.012,3.254,6.887,0.015,1.624,2.537,0.012,3.3,6.793,0.008,1.092,2.899,0.003,3.956,8.411,0.006,tumor,vim only
1.602,5.45,0.058,3.067,5.565,0.019,2.074,4.199,0.033,3.711,8.218,0.014,2.526,2.934,0.01,4.348,10.61,0.006,2.233,3.992,0.021,3.862,9.633,0.023,tumor,Trip+
2.55,6.896,0.15,3.184,5.249,0.069,2.635,6.938,0.093,2.916,5.436,0.043,2.844,6.921,0.044,2.751,5.803,0.021,2.068,7.23,0.041,2.365,4.635,0.015,tumor,Trip+
1.655,5.473,0.231,2.876,4.656,0.055,2.485,3.639,0.09,3.127,7.126,0.045,2.955,2.726,0.008,3.273,8.43,0.039,2.976,2.091,0.011,3.259,8.933,0.042,tumor,Trip+
3.823,0.999,0.173,1.223,4.484,0.077,3.291,0.895,0.142,1.174,3.517,0.068,2.293,0.879,0.027,1.061,2.821,0.031,3.248,0.766,0.173,1.162,2.668,0.079,stroma,vim only
3.396,0.485,0.206,4.112,1.518,0.142,2.914,0.466,0.101,1.892,1.4,0.087,2.772,0.453,0.05,0.848,1.272,0.065,2.238,0.482,0.063,0.874,1.735,0.039,tumor,vim only
1.212,2.262,0.061,1.598,2.021,0.03,1.352,3.526,0.045,1.642,2.225,0.023,1.487,4.792,0.03,1.74,2.472,0.014,1.559,5.235,0.018,1.52,2.354,0.017,tumor,Trip+
2.977,3.672,0.046,2.906,6.788,0.073,2.547,4.528,0.021,3.061,6.906,0.04,2.463,4.759,0.009,3.295,7.296,0.018,1.865,5.598,0.013,2.378,5.418,0.056,tumor,Trip+
3.052,0.935,0.255,2.196,1.827,0.185,1.896,0.675,0.133,1.773,1.3,0.093,1.55,0.609,0.093,1.735,1.151,0.07,1.436,0.53,0.094,1.287,1.058,0.043,stroma,vim only
1.853,3.648,0.081,1.71,1.667,0.041,2.079,4.72,0.048,1.55,1.828,0.035,2.065,4.601,0.039,1.433,1.674,0.036,2.522,7.008,0.023,1.672,2.639,0.022,tumor,Trip+
1.058,5.749,0.19,1.709,2.155,0.131,1.321,5.826,0.125,1.82,2.805,0.11,1.655,5.586,0.048,1.939,3.58,0.09,1.613,6.571,0.04,1.983,3.619,0.075,tumor,Trip+
1.537,4.612,0.076,2.225,3.315,0.06,1.826,3.451,0.045,2.432,4.113,0.047,2.04,2.385,0.017,2.595,4.718,0.034,2.155,2.887,0.034,2.634,4.977,0.045,tumor,Trip+
1.916,0.646,0.11,1.473,1.336,0.063,1.516,0.483,0.066,1.297,1.004,0.033,1.333,0.454,0.044,1.378,0.887,0.022,1.723,0.407,0.093,0.825,1.057,0.041,stroma,vim only
5.112,1.272,0.094,1.195,3.212,0.229,2.662,1.414,0.053,1.052,2.472,0.086,2.084,1.391,0.045,0.963,2.168,0.05,1.51,1.665,0.027,1.165,2.549,0.025,tumor,vim only
1.909,6.471,0.352,2.859,1.927,0.156,2.164,6.54,0.17,2.272,1.79,0.096,2.66,5.797,0.048,1.976,1.708,0.055,1.277,9.301,0.014,1.428,1.638,0.046,tumor,Trip+
1.223,3.907,0.15,1.757,1.789,0.092,1.929,4.679,0.079,1.677,2.299,0.09,2.383,4.975,0.03,1.615,2.609,0.078,2.725,6.485,0.011,1.637,2.952,0.133,tumor,Trip+
5.168,1.2,0.075,1.121,3.602,0.185,2.798,1.604,0.03,1.737,4.012,0.057,2.182,1.679,0.02,1.83,4.031,0.023,1.839,1.923,0.005,2.339,4.635,0.007,tumor,vim only
2.717,0.929,0.212,5.939,1.451,0.083,2.57,1.142,0.131,3.495,1.454,0.063,2.499,1.265,0.101,2.29,1.421,0.051,2.543,1.112,0.081,3.008,1.578,0.07,stroma,vim only
1.056,0.666,0.221,0.345,1.444,0.147,0.839,0.535,0.106,0.39,1.242,0.063,0.823,0.498,0.087,0.388,1.232,0.045,0.627,0.512,0.033,0.452,1.025,0.025,stroma,vim only
1.639,4.685,0.201,2.94,2.772,0.106,2.289,3.515,0.098,2.861,4.809,0.061,2.984,2.706,0.013,2.97,6.85,0.024,2.276,2.236,0.028,2.294,5.172,0.025,tumor,Trip+
0.647,4.721,0.401,2.792,2.789,0.038,1.634,2.642,0.174,3.381,5.83,0.017,2.264,1.137,0.012,3.707,7.765,0.003,2.676,1.226,0.012,4.223,9.069,0.001,tumor,Trip+
4.199,6.083,0.025,2.326,5.271,0.034,3.89,4.617,0.016,2.076,4.904,0.031,3.758,4.074,0.014,1.899,4.528,0.031,3.937,4.523,0.011,2.359,5.737,0.026,tumor,Trip+
2.998,3.511,0.047,1.858,3.578,0.028,2.803,3.563,0.03,1.851,3.62,0.017,2.647,3.238,0.008,1.812,3.697,0.005,2.491,4.641,0.024,1.93,3.571,0.006,tumor,Trip+
2.846,0.635,0.291,4.981,1.419,0.134,2.621,0.528,0.192,2.681,1.03,0.094,2.634,0.482,0.143,1.431,0.868,0.077,2.213,0.486,0.16,2.329,0.829,0.076,stroma,vim only
1.421,4.643,0.087,4.349,8.399,0.022,1.63,5.031,0.036,4.576,8.939,0.01,1.75,4.952,0.005,4.946,9.756,0.003,1.773,6.469,0.004,3.792,7.312,0.004,tumor,Trip+
3.367,1.332,0.007,0.941,2.539,0.054,1.798,1.89,0.011,1.84,3.659,0.025,1.341,1.995,0.013,1.776,3.371,0.02,1.811,2.125,0.004,3.175,6.179,0.012,tumor,vim only
0.741,5.541,0.222,1.677,1.611,0.092,1.706,5.515,0.111,1.538,1.631,0.066,2.498,5.267,0.034,1.449,1.601,0.048,1.856,6.388,0.044,1.423,1.814,0.048,tumor,Trip+
0.558,4.206,0.05,2.468,3.584,0.02,0.473,2.783,0.028,2.049,3.599,0.006,0.443,2.528,0.023,1.919,3.512,0.003,0.531,2.437,0.026,2.237,4.074,0.006,tumor,Ecad only
2.044,3.041,0.043,1.413,2.529,0.021,2.416,3.948,0.026,1.905,3.071,0.014,2.57,3.93,0.019,2.167,3.313,0.011,2.578,5.965,0.016,1.877,3.232,0.015,tumor,Trip+
2.742,4.877,0.061,2.253,4.222,0.124,2.878,5.057,0.029,2.428,5.516,0.104,3.069,4.814,0.01,2.568,6.496,0.098,2.447,6.74,0.013,2.358,5.261,0.069,tumor,Trip+
2.684,4.924,0.155,2.08,2.224,0.2,2.614,5.213,0.093,1.785,2.418,0.195,2.547,5.183,0.025,1.367,2.382,0.206,2.53,6.363,0.035,1.767,3.226,0.146,tumor,Trip+
2.613,0.702,0.239,5.463,1.527,0.141,2.61,0.693,0.278,5.679,1.517,0.136,3.085,0.603,0.35,5.403,1.434,0.216,2.579,0.671,0.392,6.423,1.492,0.116,stroma,vim only
3.016,2.932,0.191,1.764,2.844,0.097,3.08,3.248,0.108,1.979,3.549,0.056,3.273,3.323,0.017,2.229,4.285,0.016,2.775,4.289,0.042,2.107,4.214,0.013,tumor,vim only
3.613,3.006,0.084,1.125,2.816,0.204,2.393,3.643,0.032,1.726,4.148,0.242,2.175,3.804,0.02,1.826,4.477,0.249,1.405,3.942,0.007,2.244,4.806,0.27,tumor,vim only
4.476,1.482,0.07,1.46,3.497,0.155,3.249,1.868,0.023,2.033,4.802,0.045,2.932,1.93,0.012,2.067,4.928,0.019,3.023,2.11,0.008,2.659,5.995,0.013,tumor,vim only
4.041,0.675,0.281,1.837,1.34,0.171,1.964,0.74,0.136,1.132,1.059,0.08,1.516,0.646,0.088,0.9,0.943,0.056,1.575,1.149,0.169,1.297,1.212,0.079,tumor,vim only
2.853,4.709,0.069,2.002,3.225,0.072,2.493,4.341,0.036,2.238,4.284,0.038,2.305,4.261,0.018,2.276,4.641,0.02,2.344,3.638,0.024,2.751,5.689,0.023,tumor,Trip+
1.339,4.566,0.035,2.576,5.305,0.006,0.866,3.593,0.009,2.448,4.41,0.007,0.709,2.996,0.003,2.5,4.477,0.005,0.977,4.589,0.01,2.215,3.609,0.013,tumor,vim only
3.318,4.286,0.389,2.015,2.713,0.171,3.324,3.714,0.17,2.213,3.653,0.088,3.398,3.372,0.034,2.264,4.125,0.038,2.983,3.251,0.018,2.701,4.856,0.022,tumor,vim only
3.522,8.085,0.072,2.285,4.981,0.176,3.173,4.291,0.024,3.222,7.594,0.079,3.21,3.083,0.012,3.533,8.617,0.051,2.612,3.816,0.005,3.299,7.256,0.055,tumor,Trip+
2.636,0.622,0.261,5.334,1.291,0.168,3.3,0.559,0.273,3.956,1.257,0.128,3.989,0.559,0.29,2.99,1.301,0.134,2.773,0.502,0.257,4.28,1.151,0.081,stroma,vim only
1.64,7.377,0.4,2.545,2.933,0.128,2.061,7.4,0.251,2.596,4.304,0.078,2.563,6.965,0.063,2.627,5.833,0.015,2.644,8.887,0.08,2.764,6.553,0.013,tumor,Trip+
4.943,0.572,0.206,1.624,1.379,0.251,3.168,0.421,0.09,1.053,1.473,0.105,2.866,0.388,0.064,0.895,1.514,0.076,2.417,0.388,0.063,1.081,1.409,0.062,stroma,vim only
4.952,7.331,0.043,2.385,5.737,0.147,3.045,3.902,0.018,3.347,7.843,0.04,2.438,2.867,0.011,3.792,8.978,0.005,2.497,2.678,0.005,3.027,6.452,0.015,tumor,vim only
2.089,3.522,0.231,1.829,2.603,0.079,3.035,4.166,0.107,2.227,4.1,0.043,3.945,4.122,0.014,2.537,5.414,0.015,3.009,6.449,0.018,2.469,4.498,0.021,tumor,Trip+
2.425,3.632,0.032,1.76,3.125,0.023,2.767,3.593,0.026,1.977,3.789,0.02,3.013,3.553,0.02,2.142,4.262,0.019,2.869,3.634,0.027,2.008,4.013,0.012,tumor,Trip+
0.812,3.106,0.174,1.638,1.83,0.064,1.297,3.82,0.105,1.734,2.571,0.053,1.743,4.4,0.017,1.701,3.156,0.034,2.443,5.757,0.022,2.356,4.638,0.059,tumor,Trip+
2.988,0.669,0.417,9.484,1.938,0.123,3.286,0.654,0.38,6.809,1.731,0.11,3.711,0.673,0.326,4.542,1.442,0.113,3.295,0.617,0.379,5.27,1.72,0.089,stroma,vim only
1.106,0.503,0.079,2.381,0.751,0.016,0.903,0.576,0.044,1.525,0.929,0.009,0.853,0.54,0.031,1.254,0.944,0.007,0.794,0.839,0.04,1.321,1.142,0.005,stroma,vim only
3.081,0.608,0.336,4.623,1.393,0.113,2.645,0.793,0.15,2.083,1.245,0.069,2.64,0.832,0.088,1.171,1.195,0.058,1.575,1.042,0.027,0.794,1.15,0.02,stroma,vim only
1.244,3.421,0.04,3.249,4.921,0.015,1.602,3.901,0.036,2.888,4.161,0.017,1.958,3.883,0.036,2.697,3.798,0.017,1.822,5.154,0.027,2.339,2.937,0.021,tumor,Trip+
1.646,6.475,0.233,2.71,2.437,0.147,1.891,5.07,0.141,2.496,3.18,0.092,1.638,3.853,0.042,2.174,3.325,0.043,2.745,4.091,0.106,2.546,4.425,0.057,tumor,vim only
1.495,5.563,0.026,2.045,3.665,0.014,1.483,6.087,0.016,2.23,4.196,0.011,1.372,6.244,0.01,2.487,4.756,0.007,1.778,6.628,0.016,1.846,3.6,0.014,tumor,Trip+
5.968,0.567,0.397,5.205,1.735,0.25,4.325,0.556,0.171,2.277,1.955,0.139,3.856,0.549,0.088,1.201,2.132,0.099,3.192,0.564,0.091,1.236,1.642,0.095,stroma,vim only
0.991,8.727,0.142,2.363,3.331,0.089,1.302,6.05,0.065,2.214,3.329,0.053,1.288,5.062,0.027,2.159,3.349,0.032,1.874,4.47,0.046,2.128,3.267,0.057,tumor,Trip+
5.186,1.215,0.081,1.225,3.832,0.162,2.688,1.915,0.028,2.446,5.731,0.049,1.97,1.929,0.012,2.726,6.178,0.017,1.827,3.053,0.013,3.21,6.866,0.006,tumor,vim only
4.146,0.824,0.18,0.923,3.595,0.152,1.705,0.46,0.072,0.581,1.568,0.05,1.19,0.384,0.049,0.499,1.115,0.026,0.701,0.31,0.025,0.487,0.848,0.019,stroma,vim only
4.885,0.585,0.302,2.303,1.395,0.258,3.427,0.474,0.127,1.198,1.361,0.128,2.806,0.426,0.049,0.714,1.35,0.071,3.096,0.45,0.097,0.981,1.343,0.102,stroma,vim only
3.349,6.209,0.056,2.423,3.81,0.059,3.617,5.262,0.023,2.433,4.557,0.029,3.791,4.717,0.007,2.506,5.039,0.014,3.532,5.264,0.015,2.14,4.333,0.017,tumor,vim only
1.787,5.225,0.037,2.054,3.359,0.016,1.918,5.297,0.022,1.996,3.38,0.012,2.052,5.225,0.013,2.074,3.631,0.01,1.808,5.72,0.01,1.587,2.596,0.013,tumor,Trip+
2.738,4.069,2.208,3.096,3.452,0.171,3.155,3.829,0.918,4.012,6.999,0.075,3.635,3.165,0.025,4.718,9.549,0.007,2.685,5.542,0.175,4.273,8.702,0.022,tumor,Snail+
2.999,0.644,0.504,6.51,1.545,0.137,3.027,0.614,0.266,3.299,1.303,0.085,3.196,0.622,0.156,1.806,1.222,0.067,2.369,0.504,0.185,2.17,1.081,0.042,stroma,vim only
1.408,4.933,0.207,2.36,2.315,0.069,2.277,5.084,0.093,3.066,5.231,0.096,2.945,5.108,0.009,3.444,6.962,0.108,2.867,5.547,0.003,4.195,9.233,0.15,tumor,Trip+
1.777,4.126,0.137,1.655,1.796,0.09,2.199,3.881,0.094,1.574,1.906,0.07,2.602,3.12,0.056,1.214,1.693,0.049,2.844,4.427,0.023,1.945,2.629,0.041,tumor,Trip+
2.773,1.058,0.151,2.944,2.442,0.093,2.075,1.126,0.097,2.398,1.696,0.056,1.72,0.968,0.071,2.186,1.202,0.038,1.645,1.832,0.055,1.831,1.632,0.031,tumor,vim only
1.356,5.516,0.148,2.644,3.445,0.267,1.989,5.523,0.078,3.411,6.66,0.297,2.451,5.368,0.009,4.22,9.96,0.325,3.153,6.059,0.012,4.014,9.466,0.337,tumor,Trip+
1.376,2.241,0.018,2.864,4.725,0.014,1.662,3.262,0.013,3.322,5.31,0.008,1.8,3.787,0.006,3.829,5.897,0.004,2.122,4.798,0.022,3.126,5.257,0.004,tumor,Trip+
4.594,2.173,0.101,0.979,2.924,0.149,2.137,2.745,0.035,1.715,3.424,0.047,1.426,2.824,0.013,1.773,3.336,0.017,1.58,3.188,0.029,2.436,4.368,0.027,tumor,vim only
1.981,3.51,0.199,1.511,1.843,0.074,2.989,3.129,0.122,1.619,2.535,0.057,4.065,2.329,0.034,1.742,3.265,0.041,3.79,3.694,0.071,1.686,3.103,0.04,tumor,vim only
1.813,0.94,0.144,2.59,1.244,0.089,1.627,2.068,0.099,2.012,1.335,0.057,1.493,2.535,0.078,1.605,1.181,0.036,1.599,2.989,0.068,1.903,1.823,0.049,tumor,vim only
2.227,3.161,0.521,2.186,2.575,0.056,2.692,4.94,0.189,2.245,3.334,0.029,2.977,5.413,0.039,2.258,3.549,0.019,2.569,7.603,0.01,2.342,4.409,0.007,tumor,Trip+
1.97,5.19,0.054,2.053,3.727,0.643,2.544,7.159,0.024,2.732,6.835,0.463,2.642,7.549,0.014,2.941,7.791,0.455,2.896,8.116,0.025,2.704,6.709,0.241,tumor,Trip+
1.438,5.621,0.211,2.021,2.657,0.089,2.33,5.578,0.104,2.555,3.709,0.049,2.929,5.202,0.023,2.957,4.375,0.019,2.974,6.844,0.062,2.776,4.618,0.033,tumor,Trip+
0.779,2.912,0.252,3.006,3.516,0.051,1.253,3.969,0.127,2.486,3.77,0.032,1.589,4.354,0.017,2.062,4.127,0.012,1.944,6.774,0.021,1.921,3.524,0.028,tumor,Trip+
1.804,3.507,0.321,3.711,6.51,0.041,2.217,2.082,0.131,3.417,6.411,0.033,2.426,1.566,0.054,3.343,6.734,0.024,2.124,1.249,0.063,3.058,4.338,0.058,tumor,Trip+
1.377,3.304,0.063,2.258,4.433,0.029,1.603,3.886,0.033,2.921,5.991,0.035,1.911,4.05,0.003,3.567,7.424,0.028,1.624,5.53,0.007,3.627,7.865,0.074,tumor,Trip+
2.54,2.428,0.136,1.776,3.244,0.11,2.253,4.5,0.07,1.951,3.368,0.057,2.141,4.92,0.052,1.867,3.263,0.04,2.249,5.825,0.044,2.459,3.883,0.046,tumor,Trip+
5.792,0.58,0.249,2.15,1.365,0.232,3.121,0.467,0.085,0.78,1.169,0.086,2.948,0.449,0.069,0.607,1.169,0.068,2.215,0.462,0.046,0.581,1.063,0.061,stroma,vim only
2.43,3.59,0.154,1.612,1.807,0.076,3.227,4.182,0.075,2.296,3.419,0.044,3.873,4.107,0.029,2.648,4.193,0.029,2.542,5.503,0.084,2.373,3.787,0.039,tumor,Trip+
1.332,5.262,0.098,2.817,2.783,0.024,1.797,5.216,0.045,2.328,3.27,0.014,2.052,4.983,0.018,2.023,3.434,0.008,2.019,6.212,0.012,2.266,4.013,0.011,tumor,Trip+
3.239,0.752,0.204,1.777,1.379,0.21,1.808,0.517,0.1,1.219,0.912,0.083,1.55,0.471,0.077,1.124,0.802,0.052,0.619,0.341,0.033,0.727,0.658,0.015,stroma,vim only
2.023,3.731,0.056,1.37,2.124,0.033,1.989,5.195,0.03,1.786,2.936,0.017,2.009,5.65,0.02,1.973,3.245,0.011,1.822,6.252,0.017,1.822,3.262,0.009,tumor,Trip+
2.326,6.648,0.107,2.493,4.069,0.074,2.217,7.418,0.069,2.711,5.343,0.079,2.256,8.059,0.044,2.883,6.447,0.084,1.774,7.721,0.038,2.828,5.714,0.074,tumor,Trip+
1.344,3.223,0.027,2.084,5.37,0.151,1.583,4.028,0.016,2.344,6.63,0.227,1.767,4.137,0.006,2.406,7.097,0.246,1.334,5.599,0.033,2.726,7.692,0.339,tumor,K8+ecad
1.465,3.602,0.131,1.738,1.994,0.064,2.237,3.993,0.082,2.057,3.05,0.053,3.092,3.938,0.033,2.297,3.923,0.025,3.011,5.873,0.019,2.729,5.012,0.084,tumor,Trip+
1.033,4.379,0.106,1.602,2.131,0.039,1.466,5.107,0.054,1.877,3.071,0.022,1.886,5.319,0.008,2.145,4.022,0.006,1.753,7.402,0.006,2.055,3.551,0.012,tumor,Trip+
4.044,0.815,0.067,2.596,5.293,0.05,3.435,0.719,0.08,2.0,2.701,0.072,3.533,0.728,0.091,1.927,1.908,0.087,2.827,0.633,0.074,1.674,2.033,0.065,stroma,vim only
4.681,2.397,0.083,1.933,5.576,0.114,2.732,3.886,0.049,1.922,4.124,0.048,1.957,4.657,0.021,1.779,3.402,0.017,1.596,4.237,0.069,2.32,3.694,0.026,tumor,vim only
0.859,8.17,0.18,3.038,4.859,0.054,1.128,5.321,0.045,4.296,8.133,0.015,1.093,4.57,0.012,4.804,9.273,0.005,1.603,4.621,0.004,3.931,7.878,0.002,tumor,K8+ecad
3.039,1.116,0.042,0.919,2.763,0.074,1.191,1.447,0.013,1.774,3.715,0.013,0.901,1.424,0.008,1.84,3.737,0.002,0.703,1.921,0.011,2.353,4.627,0.002,tumor,vim only
4.576,1.838,0.03,2.386,6.229,0.067,1.982,2.51,0.02,2.794,5.454,0.017,1.555,2.501,0.018,2.846,5.224,0.008,1.216,3.328,0.016,2.989,5.75,0.005,tumor,vim only
2.801,0.736,0.161,1.584,2.281,0.211,2.065,0.523,0.095,0.959,1.533,0.1,1.898,0.458,0.07,0.743,1.285,0.064,1.444,0.407,0.077,0.714,1.193,0.051,stroma,vim only
3.968,3.299,0.006,2.919,4.95,0.023,3.815,5.19,0.005,2.806,5.892,0.041,3.926,5.295,0.006,2.855,6.278,0.032,3.076,7.219,0.002,2.418,5.292,0.109,tumor,vim only
3.781,3.984,0.018,2.942,5.803,0.02,2.99,4.601,0.014,2.799,5.384,0.013,2.727,4.448,0.012,2.802,5.313,0.007,2.167,6.917,0.014,2.421,4.627,0.019,tumor,Trip+
0.729,2.852,0.08,1.849,3.405,0.096,0.97,3.78,0.049,2.41,5.48,0.102,1.145,4.671,0.015,3.089,7.923,0.109,1.594,5.301,0.012,2.758,7.059,0.106,tumor,K8+ecad
1.214,5.885,0.008,3.243,5.684,0.003,1.52,5.989,0.006,3.311,5.858,0.004,1.578,5.853,0.007,3.438,5.911,0.003,1.849,6.583,0.0,3.03,5.985,0.008,tumor,Trip+
1.456,7.566,0.186,1.775,1.371,0.106,1.527,6.993,0.111,2.391,2.625,0.07,1.55,6.65,0.043,2.949,3.729,0.036,1.81,5.45,0.025,3.069,4.178,0.029,tumor,Trip+
2.701,4.361,0.061,2.676,3.639,0.05,2.36,5.299,0.03,3.035,5.145,0.024,2.249,5.575,0.008,3.177,6.041,0.006,1.657,7.356,0.02,3.673,6.548,0.007,tumor,Trip+
2.419,0.593,0.328,4.4,1.543,0.103,2.34,0.521,0.193,2.441,1.163,0.072,2.351,0.482,0.123,1.356,0.976,0.056,2.036,0.478,0.086,1.203,0.812,0.045,stroma,vim only
4.559,0.649,0.421,6.11,1.526,0.237,3.424,0.548,0.202,2.558,1.845,0.145,3.164,0.514,0.134,1.3,1.813,0.119,2.225,0.507,0.07,1.319,2.778,0.079,tumor,vim only
1.311,6.556,0.021,3.329,6.387,0.037,1.652,6.409,0.015,3.674,7.25,0.063,1.755,6.584,0.01,3.866,7.592,0.072,1.997,5.391,0.019,3.677,7.797,0.086,tumor,Trip+
3.669,6.337,0.053,1.982,4.038,0.055,3.693,6.463,0.041,2.318,4.584,0.057,3.728,6.215,0.033,2.373,4.749,0.058,3.591,7.514,0.056,2.497,4.596,0.055,tumor,vim only
1.797,4.538,0.241,2.368,2.506,0.038,1.769,4.33,0.131,2.171,2.601,0.026,1.725,3.984,0.024,2.001,2.667,0.014,1.822,4.837,0.019,1.862,2.825,0.021,tumor,Trip+
0.821,3.769,0.129,1.492,3.978,0.814,1.134,4.59,0.074,2.023,6.483,0.927,1.303,5.176,0.036,2.342,8.798,1.141,1.597,5.34,0.025,2.7,7.06,0.596,tumor,K8
0.445,6.165,0.242,4.255,2.737,0.079,1.181,6.307,0.111,3.569,4.823,0.076,1.543,6.201,0.039,3.272,6.02,0.066,1.744,7.372,0.049,2.829,5.5,0.122,tumor,Trip+
0.823,5.319,0.212,2.457,2.485,0.042,1.158,6.222,0.11,2.697,3.463,0.024,1.404,7.188,0.013,2.863,4.316,0.007,1.761,6.71,0.005,3.171,4.719,0.006,tumor,Trip+
0.609,5.828,0.044,2.441,3.93,0.018,0.889,6.574,0.031,3.188,5.379,0.011,0.966,6.68,0.018,3.661,6.332,0.004,1.243,7.756,0.039,3.495,5.892,0.014,tumor,Trip+
2.25,4.975,0.331,3.879,5.727,0.022,1.753,4.983,0.118,3.599,5.424,0.009,1.516,4.703,0.009,3.607,5.491,0.002,1.425,6.168,0.009,2.826,4.35,0.006,tumor,Trip+
3.4,0.585,0.135,1.253,1.704,0.149,2.167,0.475,0.079,1.092,1.016,0.069,2.073,0.455,0.07,1.054,0.919,0.057,1.431,0.471,0.07,1.126,0.827,0.049,stroma,vim only
2.565,0.497,0.08,1.762,1.643,0.07,1.931,0.48,0.036,2.878,5.614,0.035,1.689,0.49,0.016,3.364,7.261,0.02,1.477,0.384,0.023,3.375,7.792,0.018,tumor,Trip+
1.75,4.404,0.039,2.935,4.482,0.013,1.758,4.853,0.014,3.304,5.793,0.029,1.702,4.916,0.003,3.436,6.239,0.025,1.999,5.581,0.003,3.581,6.871,0.079,tumor,Trip+
3.655,3.228,0.015,3.007,7.227,0.099,2.998,4.05,0.015,3.116,6.226,0.058,2.833,4.132,0.015,3.3,6.069,0.044,2.183,5.653,0.013,2.532,4.545,0.026,tumor,Trip+
0.952,7.73,0.105,2.78,4.257,0.201,1.714,6.909,0.066,2.993,5.814,0.171,1.804,6.587,0.057,3.053,5.942,0.163,2.865,6.818,0.035,3.133,8.452,0.151,tumor,Trip+
5.343,0.598,0.295,3.495,2.499,0.189,4.02,0.505,0.119,1.593,1.849,0.103,3.918,0.486,0.069,1.026,1.658,0.083,2.253,0.429,0.038,0.871,1.586,0.044,tumor,vim only
4.673,1.341,0.092,1.05,3.048,0.162,1.742,1.546,0.029,1.758,3.654,0.043,0.984,1.525,0.013,1.841,3.607,0.013,1.649,1.815,0.024,2.133,4.39,0.036,tumor,vim only
1.481,1.565,0.03,3.146,6.85,0.026,1.196,1.262,0.008,4.435,9.412,0.006,1.161,1.129,0.001,5.025,10.751,0.0,0.869,1.38,0.007,3.822,7.382,0.001,tumor,K8+ecad
3.018,7.513,0.132,3.864,5.077,0.069,2.321,4.65,0.048,2.073,4.069,0.029,2.261,3.915,0.025,1.653,4.132,0.017,1.387,3.296,0.018,1.024,1.955,0.02,tumor,Trip+
4.934,0.778,0.059,1.768,4.911,0.068,2.625,0.535,0.043,1.007,2.294,0.035,1.548,0.431,0.031,0.672,1.175,0.019,1.616,0.401,0.051,0.615,0.849,0.024,stroma,vim only
2.696,1.455,0.319,7.967,2.394,0.079,2.228,1.355,0.1,3.425,3.606,0.037,2.154,1.374,0.048,2.247,3.807,0.028,1.869,1.104,0.024,2.306,4.486,0.017,tumor,vim only
1.989,4.23,0.098,3.268,2.799,1.438,2.261,5.178,0.048,3.159,4.788,0.716,2.544,5.558,0.022,3.073,5.813,0.361,1.756,6.49,0.012,3.224,6.392,0.041,tumor,Trip+
2.275,7.349,0.21,1.836,2.524,0.143,2.112,3.382,0.099,1.438,2.724,0.074,2.0,1.54,0.048,1.24,2.737,0.043,2.229,1.103,0.038,1.287,3.316,0.031,tumor,Trip+
3.085,4.009,0.074,1.834,3.902,0.055,2.543,4.8,0.043,1.763,3.344,0.035,2.151,5.49,0.031,1.681,2.955,0.023,2.588,4.365,0.015,1.866,3.345,0.029,tumor,Trip+
2.691,4.46,0.19,2.753,5.14,0.092,3.104,4.424,0.092,2.921,7.106,0.087,3.363,4.341,0.043,3.002,8.017,0.086,3.051,4.694,0.05,3.009,8.25,0.08,tumor,Trip+
2.527,4.319,0.01,3.951,7.153,0.004,2.066,4.89,0.01,3.277,5.64,0.004,1.897,5.15,0.009,2.975,4.98,0.004,1.468,5.363,0.011,2.689,4.236,0.007,tumor,Trip+
0.75,4.704,0.224,1.714,1.659,0.167,1.34,5.247,0.115,1.913,3.479,0.308,1.746,5.598,0.035,2.03,4.72,0.391,1.835,5.79,0.045,2.16,5.032,0.479,tumor,K8
3.597,2.707,0.026,3.458,8.926,0.022,3.336,1.604,0.031,3.174,7.565,0.028,3.378,1.382,0.031,3.275,7.654,0.031,2.774,1.157,0.038,2.299,5.273,0.022,tumor,vim only
1.598,4.461,0.087,2.536,3.366,0.038,1.729,3.992,0.042,3.157,5.133,0.019,1.795,3.583,0.01,3.741,6.642,0.006,1.992,3.947,0.003,2.999,5.473,0.007,tumor,Trip+
1.803,3.327,0.071,2.271,4.049,0.192,2.729,3.285,0.039,2.613,6.0,0.262,3.397,3.074,0.019,2.861,7.229,0.313,3.125,3.979,0.016,2.756,7.537,0.294,tumor,Trip+
1.617,3.222,0.097,1.877,2.59,0.243,2.229,3.226,0.055,2.077,4.839,0.356,2.697,2.987,0.027,2.185,6.162,0.431,1.944,4.428,0.046,2.206,5.781,0.359,tumor,K8
2.546,6.92,0.207,1.978,3.085,0.149,2.9,6.483,0.134,2.047,3.363,0.1,3.221,6.012,0.076,2.122,3.548,0.064,3.177,6.372,0.048,2.059,3.788,0.035,tumor,Trip+
4.983,1.279,0.199,1.23,2.707,0.201,3.142,1.551,0.089,2.507,4.81,0.083,2.765,1.647,0.061,2.643,4.956,0.053,1.647,1.585,0.023,4.141,7.862,0.011,tumor,vim only
3.195,0.662,0.258,1.224,1.828,0.181,2.455,0.512,0.149,1.094,1.364,0.088,2.088,0.454,0.107,1.022,1.186,0.051,2.371,0.422,0.084,1.11,1.093,0.038,stroma,vim only
4.665,2.189,0.05,2.173,5.547,0.109,2.922,2.803,0.033,2.254,4.904,0.055,1.574,2.594,0.024,2.119,4.275,0.017,2.695,4.857,0.019,2.833,5.201,0.037,tumor,Trip+
3.807,5.739,0.246,1.691,2.517,0.125,3.847,6.763,0.141,1.82,3.068,0.087,3.889,8.364,0.025,1.764,3.201,0.055,3.893,7.015,0.027,2.326,4.548,0.027,tumor,Trip+
4.079,0.814,0.088,1.4,3.425,0.063,1.983,0.529,0.039,0.8,1.677,0.027,0.968,0.432,0.017,0.522,0.832,0.01,1.125,0.292,0.012,0.517,0.957,0.011,stroma,vim only
2.459,2.431,0.074,1.787,2.364,0.122,3.066,2.839,0.046,1.752,3.308,0.128,3.469,2.923,0.036,1.687,3.578,0.139,2.883,3.499,0.018,1.938,4.514,0.097,tumor,vim only
4.196,0.76,0.101,0.902,2.782,0.103,1.526,0.887,0.044,1.321,2.837,0.031,0.98,0.958,0.022,1.436,2.991,0.014,1.54,0.738,0.078,1.222,2.368,0.039,tumor,vim only
3.483,0.956,0.071,1.593,4.93,0.062,2.652,0.767,0.035,2.872,6.943,0.023,2.289,0.715,0.022,3.273,7.628,0.006,2.99,0.738,0.043,2.902,6.807,0.035,tumor,vim only
2.281,4.53,0.075,2.123,3.475,0.164,2.478,3.813,0.038,2.455,4.488,0.137,2.656,3.263,0.01,2.647,5.197,0.121,2.453,3.337,0.009,3.034,5.552,0.093,tumor,Trip+
1.552,0.443,0.027,1.438,3.789,0.016,1.332,0.339,0.03,0.838,1.241,0.022,1.332,0.33,0.03,0.744,0.87,0.024,1.119,0.28,0.032,0.719,0.608,0.02,stroma,vim only
3.321,4.092,0.159,1.502,2.857,0.149,1.641,5.193,0.073,1.843,2.752,0.054,1.006,5.48,0.039,1.925,2.62,0.02,1.054,6.163,0.053,2.174,3.129,0.007,tumor,vim only
1.975,2.198,0.174,0.836,2.033,0.149,1.693,3.0,0.078,1.506,3.484,0.07,1.624,3.126,0.057,1.67,3.833,0.05,1.65,3.436,0.052,1.613,3.748,0.059,tumor,Trip+
4.929,1.897,0.219,0.927,2.601,0.231,3.272,2.175,0.1,1.294,2.594,0.111,2.403,2.0,0.029,1.355,2.403,0.051,2.393,3.083,0.057,1.798,3.034,0.04,tumor,vim only
4.385,6.897,0.076,2.123,3.476,0.105,3.99,5.238,0.047,2.283,4.084,0.061,3.738,3.737,0.022,2.389,4.476,0.023,3.888,5.712,0.051,2.316,4.231,0.072,tumor,vim only
2.322,3.807,0.143,2.323,2.762,0.052,2.877,3.089,0.064,2.826,4.845,0.027,3.273,2.395,0.016,3.164,6.276,0.01,3.09,3.435,0.005,3.096,5.847,0.012,tumor,Trip+
2.348,0.692,0.425,16.188,1.597,0.091,2.515,0.863,0.225,5.435,3.511,0.054,2.558,0.845,0.216,3.326,3.818,0.05,2.509,1.159,0.027,2.752,4.328,0.026,tumor,vim+zeb
4.285,2.358,0.104,0.988,2.337,0.154,2.838,3.323,0.062,1.206,2.011,0.083,1.975,3.732,0.041,1.167,1.473,0.054,2.705,3.788,0.048,1.608,2.758,0.048,tumor,vim only
3.455,0.504,0.007,1.912,4.691,0.006,2.942,0.465,0.055,1.133,2.356,0.028,2.955,0.45,0.085,0.848,1.444,0.039,2.094,0.45,0.041,0.766,1.427,0.027,stroma,vim only
4.018,1.118,0.037,1.33,4.242,0.048,2.431,1.85,0.023,1.231,3.045,0.021,2.184,1.997,0.019,1.193,2.819,0.016,2.134,1.821,0.028,1.324,3.018,0.019,tumor,vim only
1.237,0.343,0.339,6.86,2.649,0.033,2.343,0.452,0.071,3.061,4.917,0.027,2.512,0.462,0.02,2.261,5.208,0.026,2.788,0.53,0.014,2.618,6.095,0.023,tumor,vim only
2.366,3.255,0.084,1.713,3.799,0.062,1.698,3.153,0.027,3.776,7.547,0.021,1.301,2.97,0.01,4.438,8.895,0.003,2.149,3.608,0.014,4.155,7.785,0.032,tumor,Trip+
4.429,0.558,0.17,2.861,1.354,0.102,1.914,0.338,0.069,1.058,0.647,0.037,1.459,0.301,0.051,0.7,0.511,0.023,0.713,0.216,0.022,0.367,0.354,0.015,stroma,vim only
2.692,5.124,0.027,3.334,7.305,0.008,2.099,6.619,0.043,2.838,6.184,0.058,1.85,7.267,0.049,2.596,5.58,0.079,1.778,7.353,0.054,2.684,6.055,0.082,tumor,Trip+
1.966,5.107,0.052,2.917,3.853,0.172,2.121,4.991,0.036,3.08,4.356,0.237,2.241,4.758,0.024,3.263,4.752,0.312,2.356,5.451,0.012,3.08,5.111,0.227,tumor,Trip+
0.716,2.968,0.119,2.417,3.795,0.457,0.9,3.736,0.057,2.233,5.444,0.592,0.986,3.955,0.019,2.108,6.623,0.704,1.148,5.432,0.019,2.171,5.764,0.548,tumor,K8
5.59,0.936,0.096,1.979,5.856,0.088,2.321,0.519,0.036,0.945,2.117,0.03,1.292,0.395,0.016,0.608,0.989,0.011,1.446,0.376,0.023,0.722,0.912,0.021,stroma,vim only
1.236,3.497,0.059,2.072,3.152,0.131,1.265,3.723,0.049,2.139,3.438,0.043,1.224,3.824,0.047,2.245,3.69,0.017,1.459,3.691,0.039,1.844,2.936,0.007,tumor,Trip+
,,,,,,,,,,,,,,,,,,,,,,,,,
